id,lng,lat,weight,serviceTime
1001,116.5555591,27.8809466,4.2,5
1002,116.54687967,27.89784405,7.2,5
1003,116.55963103,27.87334333,8.1,5
1004,116.55834178,27.86696638,12.9,5
1005,116.55584607,27.8940142,5.7,5
1006,116.54638436,27.89979946,7.8,5
1007,116.54328659,27.90715168,6.3,5
1008,116.53937164,27.90566318,11.1,5
1009,116.53457762,27.90823535,14.4,5
1010,116.5104414,27.90724615,10.2,5
1011,116.50930564,27.90688945,9.6,5
1012,116.53085075,27.91341769,17.4,5
1013,116.52146809,27.90440231,18.0,5
1014,116.51737785,27.91155974,9.0,5
1015,116.5105332,27.90061513,12.6,5
1016,116.51630233,27.90154249,11.1,5
1017,116.51737877,27.89945921,8.4,5
1018,116.52237148,27.91233258,13.8,5
1019,116.50602947,27.91174206,10.8,5
1021,116.51683958,27.91322712,23.4,5
1022,116.47979019,27.90928632,42.3,5
1023,116.47623928,27.90007759,20.4,5
1024,116.49160649,27.91348254,10.2,5
1025,116.49243779,27.91190618,15.3,5
1026,116.47522786,27.89740036,15.3,5
1027,116.50338524,27.90761139,1.2,5
1028,116.48447181,27.90437858,4.5,5
1029,116.47951022,27.90117083,10.5,5
1030,116.49890747,27.9153234,36.0,5
1031,116.48506821,27.89844628,12.3,5
1032,116.50631416,27.89441906,10.8,5
1033,116.51966203,27.87852373,20.7,5
1034,116.51053466,27.88145657,30.6,5
1035,116.50932843,27.8902929,11.1,5
1036,116.50782098,27.8966618,15.0,5
1037,116.51789874,27.88866726,27.9,5
1038,116.51475358,27.88660989,15.6,5
1039,116.50811239,27.88640056,27.0,5
1040,116.47059147,27.87489446,44.4,5
1041,116.48349412,27.89105044,14.1,5
1042,116.47040841,27.87659667,71.4,5
1043,116.47124581,27.88891397,20.4,5
1044,116.47105958,27.88425168,59.1,5
1045,116.47020942,27.86994506,12.6,5
1046,116.45864872,27.87922321,11.4,5
1047,116.47342018,27.89374405,44.4,5
1048,116.43135068,27.88873388,10.5,5
1049,116.43294107,27.88748402,9.6,5
1050,116.44261518,27.8755098,16.5,5
1051,116.45158634,27.88011848,37.8,5
1052,116.43650732,27.90782252,7.8,5
1053,116.44364547,27.89808544,12.6,5
1054,116.45074175,27.90132363,23.4,5
1055,116.45224812,27.8911979,7.2,5
1056,116.44007619,27.90191065,17.4,5
1057,116.45095715,27.89722711,16.8,5
1058,116.44585481,27.89858267,5.7,5
1059,116.43005948,27.91257398,6.9,5
1060,116.46420855,27.90518575,21.9,5
1061,116.47044975,27.89856341,13.5,5
1062,116.4602508,27.88874996,10.5,5
1063,116.46513866,27.89201298,30.6,5
1064,116.45778278,27.89785235,11.6,5
1065,116.46158374,27.90195496,47.4,5
1066,116.46713285,27.89911799,16.8,5
1067,116.46034439,27.89928558,10.0,5
1068,116.46447778,27.90181984,23.4,5
1069,116.46133476,27.91818746,5.1,5
1070,116.44678553,27.91820734,17.1,5
1071,116.45314977,27.91365659,12.0,5
1072,116.455215,27.91081634,32.4,5
1073,116.45602643,27.90823087,2.4,5
1074,116.45641858,27.92466289,14.1,5
1075,116.46063567,27.91974222,5.1,5
1076,116.45951718,27.91609845,12.0,5
1077,116.45504238,27.91760535,38.4,5
1078,116.450525,27.92279176,42.0,5
1079,116.4577631,27.91169283,32.4,5
1080,116.46468136,27.91258358,34.5,5
1081,116.45947471,27.90881574,19.2,5
1082,116.46795678,27.90612518,19.5,5
1083,116.4752055,27.9082588,81.3,5
1084,116.44736717,27.71134626,8.4,5
1085,116.44986013,27.62155208,12.6,5
1086,116.44756961,27.62338202,10.8,5
1087,116.44505712,27.61849264,7.2,5
1088,116.43876457,27.62875673,19.5,5
1089,116.45553995,27.60334792,9.3,5
1090,116.46501071,27.6421498,15.6,5
1091,116.45098675,27.63908117,13.5,5
1092,116.44250505,27.63222321,12.9,5
1093,116.40121329,27.73636388,8.1,5
1094,116.39726488,27.74274653,8.1,5
1095,116.41310448,27.73632845,26.1,5
1096,116.40340252,27.73123513,13.5,5
1097,116.41087298,27.71949675,5.4,5
1098,116.40781464,27.72671435,29.1,5
1099,116.37728266,27.68941194,16.5,5
1100,116.34874291,27.69013652,12.3,5
1101,116.3575682,27.68996981,5.1,5
1102,116.36528105,27.6907945,9.3,5
1103,116.3692241,27.68790089,15.3,5
1104,116.40053023,27.69023509,9.9,5
1105,116.39718614,27.68596843,12.0,5
1106,116.39100542,27.68841352,11.1,5
1107,116.406112,27.66298268,12.6,5
1108,116.40096077,27.6723334,11.4,5
1109,116.40513421,27.66602328,16.2,5
1110,116.40688642,27.66878767,20.4,5
1111,116.37648495,27.73561777,12.3,5
1112,116.36596432,27.72191529,11.1,5
1113,116.35486682,27.71877838,6.9,5
1114,116.38268182,27.73093931,11.7,5
1115,116.37941844,27.72829722,12.0,5
1117,116.42632342,27.67982506,20.7,5
1118,116.42139865,27.69065292,9.3,5
1119,116.43334332,27.68955345,15.9,5
1120,116.43338644,27.68779576,12.3,5
1121,116.45273573,27.70549187,26.1,5
1122,116.45944753,27.70421496,25.5,5
1123,116.45148899,27.69557083,29.4,5
1124,116.44731673,27.6955624,15.9,5
1125,116.45466155,27.69677474,6.3,5
1126,116.45102628,27.69931786,12.3,5
1127,116.44129386,27.72526611,12.9,5
1128,116.43884647,27.74116186,60.3,5
1129,116.43028807,27.73674226,27.6,5
1130,116.44073184,27.74991921,68.1,5
1131,116.44317473,27.74611502,18.0,5
1132,116.45062371,27.75973871,24.6,5
1133,116.45276267,27.74710306,20.7,5
1134,116.42710751,27.75850629,82.8,5
1135,116.44311744,27.66134205,13.2,5
1136,116.44159947,27.66567764,12.6,5
1137,116.43721416,27.66354174,13.5,5
1138,116.44211596,27.65929221,5.4,5
1140,116.47851772,27.6616586,16.2,5
1141,116.46233409,27.6588787,30.0,5
1142,116.46289207,27.67556224,17.1,5
1143,116.4115612,27.70361388,6.9,5
1144,116.40696681,27.71109833,7.5,5
1145,116.40654507,27.70459454,13.8,5
1146,116.38182439,27.72877447,61.5,5
1147,116.38151882,27.71219079,15.6,5
1148,116.41984918,27.71251064,68.4,5
1149,116.42410316,27.70001249,9.6,5
1150,116.42878594,27.71088554,13.5,5
1151,116.43252568,27.70207436,5.1,5
1152,116.42072898,27.70469606,11.4,5
1153,116.41502092,27.72005958,33.6,5
1154,116.25399254,28.02454961,67.8,5
1155,116.23997136,28.03392565,48.6,5
1156,116.24303113,28.03562309,74.4,5
1157,116.21807938,28.04526864,73.6,5
1158,116.20718035,28.04287007,50.0,5
1159,116.24284357,28.01847776,95.4,5
1160,116.23923668,28.01415677,61.8,5
1161,116.22880414,28.01820127,142.2,5
1162,116.23640274,28.01946349,73.8,5
1163,116.28792634,28.0655604,36.0,5
1164,116.27899474,28.06772587,160.2,5
1165,116.29264068,28.06593262,187.2,5
1166,116.26562118,28.0748639,64.8,5
1167,116.29979835,28.0449369,26.4,5
1168,116.29894163,28.04205916,95.4,5
1169,116.28334183,28.03984586,69.3,5
1170,116.29454166,28.03213756,80.7,5
1171,116.28557753,28.03776196,143.1,5
1172,116.29253654,28.03759137,51.6,5
1173,116.28225291,28.0533092,132.0,5
1174,116.3054531,28.05307191,124.2,5
1175,116.31110841,28.04544789,124.2,5
1176,116.30365281,28.06500632,79.5,5
1177,116.31123596,28.05791019,79.5,5
1178,116.30586969,28.05572825,73.8,5
1179,116.26867529,28.06292886,31.5,5
1180,116.26599766,28.05623248,35.1,5
1181,116.26527836,28.05201142,80.7,5
1182,116.27128819,28.06342226,114.0,5
1183,116.27160912,28.05173545,100.0,5
1184,116.27118563,28.04900708,74.3,5
1185,116.26413993,28.03910834,199.5,5
1186,116.26541507,28.06584737,59.4,5
1187,116.25949607,28.06175955,255.6,5
1188,116.25743035,28.07435267,72.9,5
1189,116.23423776,28.00805239,40.2,5
1190,116.31126132,28.03764154,46.2,5
1191,116.31140552,28.03159143,310.6,5
1192,116.25689519,28.04068455,82.5,5
1193,116.24746261,28.04249323,23.4,5
1194,116.24743288,28.03909973,23.4,5
1195,116.28047116,28.01882114,53.7,5
1196,116.27114178,28.01143003,56.7,5
1197,116.27195681,28.01765729,288.0,5
1198,116.2709842,28.0204806,65.1,5
1199,116.25571553,28.01325547,71.1,5
1200,116.28145022,28.02410526,128.1,5
1201,116.26959157,28.02622863,38.4,5
1202,116.31380904,28.01473512,169.2,5
1203,116.31308189,28.00630441,105.3,5
1204,116.30777021,28.00233702,162.6,5
1205,116.30299236,28.01402423,215.7,5
1206,116.30033723,28.00206302,129.9,5
1207,116.30901313,27.99672343,19.2,5
1208,116.30237289,27.99525672,171.6,5
1209,116.29694926,27.99061837,79.5,5
1210,116.30895132,27.99954963,49.8,5
1211,116.28477805,27.98699451,50.4,5
1212,116.28404499,28.00115773,33.0,5
1213,116.27641181,27.9956176,128.4,5
1214,116.28717039,27.98349188,21.3,5
1215,116.54962186,27.74481068,30.6,5
1216,116.54403036,27.74160768,144.0,5
1217,116.54490031,27.73719399,84.0,5
1218,116.5520271,27.73658838,69.0,5
1219,116.54225733,27.73196711,141.0,5
1220,116.56406504,27.78555143,313.5,5
1221,116.62482344,27.71767712,158.1,5
1222,116.60082308,27.7679553,180.0,5
1223,116.60650328,27.77397577,240.0,5
1224,116.6015203,27.78161028,65.4,5
1225,116.43198178,27.96322933,119.4,5
1226,116.60110041,27.73047538,203.1,5
1227,116.58095141,27.75533935,147.6,5
1228,116.58934118,27.75982113,383.1,5
1229,116.59024405,27.76391595,45.9,5
1230,116.57941035,27.77018316,53.7,5
1231,116.56509976,27.74325074,375.0,5
1232,116.56818914,27.73495557,20.4,5
1233,116.56289784,27.73142436,63.0,5
1234,116.56687576,27.73827352,71.4,5
1235,116.56435928,27.74697913,21.6,5
1236,116.57792341,27.74313284,57.6,5
1237,116.60838588,27.74792769,153.0,5
1238,116.60068196,27.75223478,87.9,5
1239,116.59422456,27.74907602,86.7,5
1240,116.6234848,27.74069793,141.6,5
1241,116.57233908,27.75542799,100.0,5
1242,116.55110456,27.75871141,21.6,5
1243,116.56415218,27.75602193,95.0,5
1244,116.55425604,27.75811564,60.0,5
1245,116.45175522,27.86814732,190.2,5
1246,116.45251951,27.83455303,96.3,5
1247,116.4488517,27.83784817,77.7,5
1248,116.4498293,27.84327754,102.3,5
1249,116.44729444,27.8695505,56.1,5
1250,116.45383105,27.87729859,39.6,5
1251,116.45322801,27.8725696,55.8,5
1252,116.43871805,27.85990592,46.8,5
1253,116.44149862,27.85639199,57.6,5
1254,116.4470366,27.85138896,115.2,5
1255,116.45271504,27.85647769,39.9,5
1256,116.46340789,27.83319619,37.8,5
1257,116.45617568,27.83370564,63.0,5
1258,116.4595795,27.81819978,48.0,5
1259,116.4895206,27.80703943,12.9,5
1260,116.48162843,27.80347517,67.8,5
1261,116.47983623,27.8097739,55.8,5
1262,116.47159126,27.82053434,104.1,5
1263,116.48175754,27.8211363,24.0,5
1264,116.45419766,27.7873162,20.4,5
1265,116.45968856,27.80505972,33.0,5
1266,116.45666763,27.79033696,78.6,5
1267,116.45904867,27.79311673,59.1,5
1268,116.4590435,27.79775776,108.6,5
1269,116.45973242,27.80914079,72.0,5
1270,116.46361496,27.80930906,95.7,5
1271,116.44051198,27.82730798,63.9,5
1272,116.4309255,27.82976115,58.8,5
1273,116.41554532,27.82534344,25.8,5
1274,116.42009814,27.82523272,38.4,5
1275,116.44691996,27.82044865,28.2,5
1276,116.44588813,27.81581524,102.0,5
1277,116.44094269,27.81781842,56.1,5
1278,116.43569721,27.82225165,119.1,5
1279,116.4293788,27.82383751,47.7,5
1280,116.41348505,27.81201749,45.9,5
1281,116.41464421,27.8159284,35.7,5
1282,116.41928294,27.81312211,49.2,5
1283,116.4266721,27.81662162,34.5,5
1284,116.43559757,27.79294427,75.6,5
1285,116.43361173,27.81612865,63.9,5
1286,116.41511456,27.84204443,24.3,5
1287,116.42220858,27.8440445,35.1,5
1288,116.42521394,27.85571668,35.7,5
1289,116.40793777,27.84096524,59.1,5
1290,116.4125243,27.83667515,17.1,5
1291,116.46046047,27.86329791,91.5,5
1292,116.46887284,27.86592291,114.0,5
1293,116.46438636,27.85114428,90.0,5
1294,116.48909356,27.86181298,180.0,5
1295,116.49569515,27.85552832,57.0,5
1296,116.50726276,27.84128932,12.0,5
1297,116.49573277,27.84734218,15.0,5
1298,116.47925278,27.8341638,42.0,5
1299,116.48306402,27.82969532,30.0,5
1300,116.50439131,27.84907048,120.0,5
1301,116.50072002,27.85035876,108.0,5
1302,116.22642007,27.98752762,177.0,5
1303,116.21989103,27.98684375,84.0,5
1304,116.228596,27.98366873,86.7,5
1305,116.21582142,27.97674497,138.6,5
1306,116.21242448,28.00293543,70.8,5
1307,116.20375286,27.98987064,108.0,5
1308,116.20970184,27.99591269,55.8,5
1309,116.19323559,28.01042362,36.6,5
1310,116.185536,27.98331239,312.3,5
1311,116.18150813,27.98685322,59.4,5
1312,116.20376926,28.026481,65.7,5
1313,116.21260727,28.02173252,86.4,5
1314,116.21636591,28.0137842,74.4,5
1315,116.20460909,28.01075922,56.7,5
1316,116.23035693,27.99609395,11.0,5
1317,116.22718827,27.99972977,60.3,5
1318,116.23644679,27.99086713,66.6,5
1319,116.23275254,27.99253274,38.7,5
1320,116.23682596,27.99802327,148.2,5
1321,116.24112063,27.99108213,35.7,5
1322,116.19714413,27.97615804,146.7,5
1323,116.19554519,27.98104017,85.5,5
1324,116.19590078,27.98319413,41.4,5
1325,116.20494799,27.96892513,315.0,5
1326,116.21303717,27.95833973,92.7,5
1327,116.27245662,27.96986075,162.3,5
1328,116.48919268,27.78050298,54.0,5
1329,116.26151808,27.96391484,128.4,5
1330,116.26132216,27.96352689,36.0,5
1331,116.2645862,27.96228699,59.1,5
1332,116.26767868,27.96432727,99.0,5
1333,116.26048449,27.97518605,163.8,5
1334,116.25050939,27.97878937,185.1,5
1335,116.25974733,27.98564735,288.0,5
1336,116.3187409,27.89908858,78.0,5
1337,116.25691243,27.98512573,373.2,5
1338,116.26790881,27.99018195,132.0,5
1339,116.21165466,27.95077389,108.0,5
1340,116.20978476,27.95203367,152.4,5
1341,116.20223818,27.94973667,86.4,5
1342,116.24721374,27.99924641,45.0,5
1343,116.24480953,27.99821331,45.0,5
1344,116.26010044,27.99712209,63.0,5
1345,116.24783226,27.99799309,246.0,5
1346,116.25536262,27.99802367,90.0,5
1347,116.19415385,27.9350107,66.0,5
1348,116.2029309,27.94332944,48.6,5
1349,116.18421672,27.94280482,42.0,5
1350,116.18587793,27.9447721,42.0,5
1351,116.21756586,27.92618155,161.7,5
1352,116.22625642,27.93879796,24.0,5
1353,116.21961778,27.92960215,86.4,5
1354,116.21534472,27.93244908,19.8,5
1355,116.21387291,27.93775627,34.8,5
1356,116.27568141,27.97466603,105.3,5
1357,116.27833355,27.9736919,87.3,5
1358,116.28533799,27.97766325,153.0,5
1359,116.22804658,27.96887716,126.0,5
1360,116.22696288,27.97256398,153.0,5
1361,116.22262177,27.96681926,324.0,5
1362,116.19809115,27.96438052,393.0,5
1363,116.24091821,27.92698423,94.8,5
1364,116.24111671,27.93557575,107.4,5
1365,116.23714181,27.9365401,58.8,5
1366,116.23674418,27.94091753,60.9,5
1367,116.23704583,27.94950312,162.0,5
1368,116.22436319,27.94677708,301.8,5
1369,116.22490852,27.9578879,64.5,5
1370,116.23266344,27.95783273,51.0,5
1371,116.22746197,27.95405143,146.7,5
1372,116.2146179,27.94347012,91.2,5
1373,116.18958009,27.96354047,308.7,5
1386,116.15542445,27.95394642,89.1,5
1387,116.15054733,27.95699954,51.1,5
1388,116.14591783,27.96129502,50.0,5
1389,116.15441914,27.95128104,90.6,5
1390,116.15488683,27.9527606,96.0,5
1391,116.1435061,27.93414677,253.2,5
1392,116.13883528,27.92660703,120.6,5
1393,116.14082368,27.93312819,175.8,5
1394,116.12119775,27.93641734,30.6,5
1395,116.131331,27.94187009,228.6,5
1396,116.12981039,27.93916165,202.6,5
1397,116.09877608,27.9195488,189.0,5
1398,116.11203594,27.92049157,210.0,5
1399,116.12580834,27.92465136,72.0,5
1400,116.13422991,27.9829047,205.2,5
1401,116.13308434,27.99317498,19.8,5
1402,116.12725998,27.98177312,55.8,5
1403,116.10943817,27.90565957,360.0,5
1404,116.11429746,27.91261328,67.2,5
1405,116.12119696,27.94650406,88.8,5
1406,116.10087799,27.94423706,72.0,5
1407,116.12104674,27.94391123,42.6,5
1408,116.1118087,27.94212684,211.5,5
1409,116.11168988,27.95071525,240.0,5
1410,116.11058381,27.94937808,228.0,5
1411,116.09803707,27.96757824,217.2,5
1412,116.09818115,27.97792734,93.0,5
1413,116.09954037,27.95968308,49.5,5
1414,116.09910067,27.95482528,39.6,5
1415,116.16007517,27.96228172,114.0,5
1416,116.15172959,27.96507705,109.5,5
1417,116.15934891,27.96622797,108.0,5
1418,116.1288789,27.96257881,525.0,5
1419,116.12284014,27.95577622,96.0,5
1420,116.12915888,27.95559354,85.8,5
1421,116.14993873,27.97013505,75.1,5
1422,116.15350827,27.97880325,61.9,5
1423,116.15599289,27.97362853,50.0,5
1424,116.15586366,27.97589805,50.0,5
1425,116.1588375,27.97334462,95.4,5
1426,116.1639551,27.92719975,84.0,5
1427,116.16511139,27.92585082,273.0,5
1428,116.16537639,27.97561699,174.0,5
1429,116.17742766,27.97744504,178.8,5
1430,116.17697555,27.98235305,96.3,5
1431,116.16028919,27.97606244,149.4,5
1432,116.15537283,27.92650141,210.0,5
1433,116.12713296,27.88869781,57.0,5
1434,116.10500494,27.88714518,139.5,5
1435,116.11995515,27.88944935,135.0,5
1436,116.1445555,27.92035795,108.9,5
1437,116.157541,27.9116423,78.9,5
1438,116.11098663,27.87990107,255.0,5
1439,116.11725451,27.87360674,31.5,5
1440,116.10732447,27.88340891,20.5,5
1441,116.10159723,27.87582853,20.0,5
1442,116.16875485,27.9593549,192.0,5
1443,116.1731587,27.96573251,93.0,5
1444,116.17929033,27.95136518,93.0,5
1445,116.17868856,27.94463366,42.0,5
1446,116.14971528,27.93980252,153.0,5
1447,116.14908102,27.93762099,108.0,5
1448,116.14089814,27.94322956,75.6,5
1449,116.14240859,27.94475812,59.4,5
1450,116.09189562,27.93846447,20.0,5
1451,116.07160494,27.94148463,17.8,5
1452,116.0891497,27.92939242,136.8,5
1453,116.09948295,27.93911775,360.0,5
1454,116.13500217,28.00431998,100.0,5
1455,116.14066758,28.00424286,86.0,5
1456,116.14876353,28.00967973,41.8,5
1457,116.14980733,28.00019772,50.0,5
1458,116.11473777,27.98178534,388.8,5
1459,116.16220548,28.02049853,50.0,5
1460,116.15886147,28.01059275,30.4,5
1461,116.16786319,28.01494837,102.0,5
1462,116.17623123,28.01078631,89.5,5
1463,116.17308543,28.00880508,50.0,5
1464,116.16241634,27.93705695,60.6,5
1465,116.15756567,27.94012915,150.0,5
1466,116.1223532,27.99919834,258.0,5
1467,116.11709958,27.99956327,58.0,5
1468,116.11394136,28.00160755,50.0,5
1469,116.1598745,27.9839983,37.8,5
1470,116.1580133,27.99203989,366.6,5
1471,116.30117392,27.98646536,62.1,5
1472,116.3001673,27.9831314,45.9,5
1473,116.30153851,27.9811107,228.6,5
1474,116.29531539,27.9737381,248.4,5
1475,116.30017876,27.9734367,32.1,5
1476,116.30333866,27.97196252,57.6,5
1477,116.30455934,27.97631044,85.2,5
1478,116.3005962,27.97740687,39.9,5
1479,116.31386605,27.97494822,143.7,5
1480,116.31297206,27.97240051,76.5,5
1481,116.31364163,27.96893056,114.6,5
1482,116.31083589,27.96868923,94.5,5
1483,116.31434871,27.96499126,88.2,5
1484,116.31886758,27.96602068,87.0,5
1485,116.31720808,27.96236529,61.8,5
1486,116.28939122,27.96612673,442.5,5
1487,116.29063455,27.96049505,138.0,5
1488,116.28909198,27.95606122,162.0,5
1489,116.28865238,27.9597774,25.8,5
1490,116.27982199,27.95840426,23.4,5
1491,116.29484477,27.96390109,24.9,5
1492,116.29200649,27.9535358,65.4,5
1493,116.24808496,27.90462643,49.8,5
1494,116.25149168,27.91220327,79.2,5
1495,116.25480701,27.91577772,68.7,5
1496,116.25656609,27.92165617,49.2,5
1497,116.26272851,27.92514308,20.7,5
1498,116.28036085,27.91974808,72.3,5
1499,116.27871022,27.91975933,75.9,5
1500,116.28298794,27.90302242,391.8,5
1501,116.27314141,27.91763119,21.6,5
1502,116.26808349,27.94954242,35.4,5
1503,116.26954162,27.95191118,90.0,5
1504,116.27395899,27.95116822,70.6,5
1505,116.26547797,27.94475693,50.0,5
1506,116.27239402,27.94726409,30.7,5
1507,116.27140791,27.9437195,50.0,5
1508,116.26735375,27.95674693,108.9,5
1509,116.26425473,27.95304258,75.3,5
1510,116.23058923,27.91203529,77.4,5
1511,116.22897779,27.91616844,180.6,5
1512,116.2236283,27.91365104,183.6,5
1513,116.21883654,27.91051214,95.7,5
1514,116.21834171,27.91750489,48.2,5
1515,116.2223387,27.91830558,30.0,5
1516,116.2254434,27.91994887,40.0,5
1517,116.23639843,27.92131239,307.2,5
1518,116.24057513,27.92084954,279.6,5
1519,116.23464849,27.91610583,31.2,5
1520,116.23299498,27.91203689,67.2,5
1521,116.24864625,27.93293027,59.4,5
1522,116.25029922,27.92928012,108.6,5
1523,116.25019156,27.93387836,112.8,5
1524,116.25131858,27.93060743,113.4,5
1525,116.25615747,27.93394393,32.7,5
1526,116.2611565,27.9336673,30.0,5
1527,116.24718628,27.93742396,146.7,5
1528,116.24888088,27.95210815,45.0,5
1529,116.24806584,27.94422124,68.1,5
1530,116.24829136,27.94233476,77.7,5
1531,116.25558833,27.94063721,100.0,5
1532,116.24893542,27.94067578,49.7,5
1533,116.24879606,27.93859014,102.9,5
1534,116.27397074,27.93765957,64.2,5
1535,116.27818368,27.93697294,206.4,5
1536,116.27133378,27.93163212,296.1,5
1537,116.27091509,27.93858171,85.2,5
1538,116.25250239,27.95584744,46.2,5
1539,116.25596245,27.95878995,102.6,5
1540,116.25687447,27.95759542,42.6,5
1541,116.25232522,27.95744461,60.3,5
1542,116.2542245,27.95651544,94.2,5
1543,116.26095173,27.94638973,116.4,5
1544,116.26055457,27.95007739,87.6,5
1545,116.25911711,27.95063721,80.1,5
1546,116.26177807,27.94090055,58.5,5
1547,116.25478327,27.94554795,61.8,5
1548,116.25772285,27.94630559,79.5,5
1549,116.28594228,27.94774271,65.7,5
1550,116.28746404,27.94614819,28.8,5
1551,116.28258814,27.94571816,88.5,5
1552,116.28260925,27.94999337,79.5,5
1553,116.27982283,27.94731384,40.2,5
1554,116.27770032,27.95004611,173.4,5
1555,116.28881426,27.94477185,40.5,5
1556,116.28470006,27.93645363,105.6,5
1557,116.28585758,27.93432855,72.0,5
1558,116.28519271,27.94044422,46.8,5
1559,116.28225691,27.93256001,53.4,5
1560,116.28665015,27.93958917,120.6,5
1561,116.32634391,27.93692456,59.1,5
1562,116.31831315,27.93496786,90.6,5
1563,116.317114,27.93264259,76.2,5
1564,116.31897185,27.93300886,55.2,5
1565,116.31308777,27.92997167,105.3,5
1566,116.30839683,27.93357334,79.8,5
1567,116.30515194,27.93044082,112.2,5
1568,116.31953433,27.9291064,81.9,5
1569,116.28899759,27.92936596,74.2,5
1570,116.28680128,27.92508332,50.0,5
1571,116.29191813,27.91823054,435.9,5
1572,116.28697876,27.91630291,32.1,5
1573,116.28774479,27.91804662,32.1,5
1574,116.28575155,27.91962794,32.1,5
1575,116.28361928,27.91561489,168.6,5
1576,116.2836411,27.91057965,154.2,5
1577,116.28377495,27.91194973,50.1,5
1578,116.323384,27.92679992,189.9,5
1579,116.31904188,27.92743865,30.6,5
1580,116.32660664,27.93178082,21.6,5
1581,116.31978156,27.91675136,59.4,5
1582,116.32242097,27.9181592,28.5,5
1583,116.30995107,27.91595873,46.2,5
1584,116.31190035,27.91338076,42.9,5
1585,116.31420815,27.91302096,69.0,5
1586,116.31487707,27.91785096,195.6,5
1587,116.31368801,27.9228975,76.5,5
1588,116.30136267,27.89976235,167.4,5
1589,116.29224621,27.90123689,120.3,5
1590,116.30236316,27.91280945,138.0,5
1591,116.29686852,27.90666867,127.2,5
1592,116.29992156,27.90516077,252.0,5
1593,116.29782679,27.91290212,163.8,5
1594,116.29668004,27.91987333,88.5,5
1595,116.30166097,27.92078513,256.8,5
1596,116.30212134,27.92346769,224.4,5
1597,116.30830686,27.91979715,99.6,5
1598,116.26988992,27.88417101,374.4,5
1599,116.27018503,27.88096005,92.4,5
1600,116.27735069,27.8963236,156.3,5
1601,116.26700898,27.83743984,363.3,5
1602,116.27142702,27.83381176,117.6,5
1603,116.26399586,27.83179549,174.9,5
1604,116.28424734,27.83059132,151.2,5
1605,116.28694848,27.82180968,47.4,5
1606,116.30499485,27.81401417,82.5,5
1607,116.30433657,27.80864799,84.0,5
1608,116.27130842,27.84246581,210.6,5
1609,116.26852039,27.84518161,243.0,5
1610,116.27494305,27.83986277,169.5,5
1611,116.26798399,27.84836054,185.1,5
1612,116.28079421,27.85912698,685.2,5
1613,116.27666731,27.86145563,116.4,5
1614,116.27765359,27.86021185,132.6,5
1615,116.28277665,27.86309029,90.6,5
1616,116.2737951,27.85114546,105.6,5
1617,116.27616249,27.8745379,174.0,5
1618,116.27601219,27.87742171,137.4,5
1619,116.27385743,27.8772909,185.4,5
1620,116.27533656,27.88098889,129.0,5
1621,116.29490633,27.85964921,112.5,5
1622,116.29747794,27.85209325,107.1,5
1623,116.2938681,27.84711752,149.4,5
1624,116.29870004,27.84014555,143.4,5
1625,116.30452729,27.83561921,78.9,5
1626,116.29005461,27.83816573,72.0,5
1627,116.25331921,27.86835624,82.8,5
1628,116.25586229,27.86545763,109.5,5
1629,116.25902688,27.8680323,107.4,5
1630,116.25789013,27.86309962,216.6,5
1631,116.28648414,27.86842671,225.3,5
1632,116.28431927,27.8710666,72.6,5
1633,116.28031101,27.87078665,238.5,5
1634,116.26772551,27.86296196,597.9,5
1635,116.27043891,27.85593002,137.4,5
1636,116.26738179,27.87043758,79.8,5
1637,116.27859124,27.79337324,90.6,5
1638,116.26802053,27.79087626,377.1,5
1639,116.27604977,27.80634214,195.6,5
1640,116.26272027,27.82228724,429.9,5
1641,116.26578749,27.82375656,181.5,5
1642,116.29610512,27.87337443,181.8,5
1643,116.28869065,27.87983536,129.0,5
1644,116.28531534,27.87841691,144.0,5
1645,116.28579771,27.87651918,81.0,5
1646,116.29127331,27.87404555,138.0,5
1647,116.28792994,27.87888783,46.8,5
1648,116.31606718,27.89878808,445.8,5
1649,116.3032371,27.89978769,93.0,5
1650,116.2906405,27.88280158,156.0,5
1651,116.29082238,27.88618747,147.0,5
1652,116.290897,27.89126165,333.0,5
1653,116.28862492,27.89858649,88.0,5
1654,116.29166255,27.89792791,50.0,5
1655,116.32854121,27.90790641,109.2,5
1656,116.31667691,27.90722716,50.7,5
1657,116.30679286,27.90104294,85.8,5
1658,116.31707332,27.90464701,173.7,5
1659,116.31694499,27.90239022,173.7,5
1660,116.28254986,27.88564798,312.6,5
1661,116.27918462,27.88340377,80.4,5
1662,116.28220719,27.88202508,78.9,5
1663,116.29852513,27.88617597,102.0,5
1664,116.29966039,27.88875401,177.0,5
1665,116.29666036,27.89699109,78.0,5
1666,116.30059215,27.890602,90.0,5
1667,116.3203415,27.87621588,136.8,5
1668,116.33216294,27.87489379,135.0,5
1669,116.33249569,27.86426852,105.3,5
1670,116.31227927,27.86001857,252.6,5
1671,116.30661293,27.87313905,32.5,5
1672,116.30966564,27.86751309,40.0,5
1673,116.31454371,27.86626626,40.0,5
1674,116.31115567,27.84873986,90.6,5
1675,116.32944501,27.8513906,18.6,5
1676,116.32090017,27.85214694,20.1,5
1677,116.31421785,27.85638141,408.0,5
1678,116.31750555,27.85401292,53.4,5
1679,116.31114152,27.89366626,117.0,5
1680,116.30622705,27.8772613,138.6,5
1681,116.32866595,27.88718867,86.4,5
1682,116.33024601,27.8782459,103.8,5
1683,116.33194787,27.8867793,23.2,5
1684,116.33706644,27.88318428,20.0,5
1685,116.33377786,27.89995889,96.6,5
1686,116.39470951,27.77482817,24.0,5
1687,116.39743381,27.77753802,52.8,5
1688,116.39921495,27.77281906,102.6,5
1689,116.39766068,27.75689602,42.2,5
1690,116.39564406,27.75692025,60.0,5
1691,116.39433569,27.75452296,40.0,5
1692,116.42886712,27.77222698,101.7,5
1693,116.41676198,27.78189985,75.0,5
1694,116.42893088,27.78131294,72.0,5
1695,116.41054629,27.77954224,33.0,5
1696,116.41614089,27.76055562,29.4,5
1697,116.4127158,27.76469372,28.5,5
1698,116.4263971,27.76146166,19.5,5
1699,116.36521111,27.76409214,70.5,5
1700,116.35938501,27.74378865,48.9,5
1701,116.36580206,27.7420604,30.0,5
1702,116.35966325,27.74727352,30.0,5
1703,116.3672049,27.7508429,44.7,5
1704,116.37524132,27.75423285,60.0,5
1705,116.37967768,27.7655471,33.9,5
1706,116.35990769,27.77232238,30.0,5
1707,116.34466291,27.82725086,116.7,5
1708,116.35579054,27.82373942,123.6,5
1709,116.35778841,27.82045258,60.9,5
1710,116.35494986,27.82227454,121.8,5
1711,116.38622459,27.80638232,103.8,5
1712,116.3723863,27.81128326,85.8,5
1713,116.3973672,27.80642955,94.5,5
1714,116.39787126,27.80791962,36.0,5
1715,116.39383281,27.80779736,93.6,5
1716,116.39111485,27.7982069,33.0,5
1717,116.39596128,27.81562218,44.2,5
1718,116.39039521,27.81291942,50.0,5
1719,116.36536438,27.79084622,37.8,5
1720,116.36762033,27.78222325,97.8,5
1721,116.38392134,27.78308432,76.8,5
1722,116.37683473,27.79911945,80.4,5
1723,116.34792109,27.79284841,210.6,5
1724,116.35263395,27.78492304,118.8,5
1725,116.35165902,27.7890068,28.5,5
1726,116.29186081,27.75697472,126.0,5
1727,116.29440038,27.75102651,90.0,5
1728,116.27980588,27.74811099,33.6,5
1729,116.29600704,27.75482254,108.0,5
1730,116.28950616,27.72388996,243.0,5
1731,116.28579775,27.73533521,119.7,5
1732,116.29037321,27.73481153,10.6,5
1733,116.29119786,27.73946411,20.0,5
1734,116.33109024,27.76088913,15.6,5
1735,116.31303462,27.78526222,39.3,5
1736,116.3270306,27.77963463,80.4,5
1737,116.32494449,27.75491384,27.9,5
1738,116.32045667,27.77085546,44.1,5
1739,116.31878644,27.76773483,27.3,5
1740,116.32831948,27.72802123,89.4,5
1741,116.33164931,27.7311967,111.6,5
1742,116.31282416,27.73660792,36.3,5
1743,116.31684006,27.73466302,30.0,5
1744,116.34853045,27.73721078,31.8,5
1745,116.33826547,27.74771884,26.4,5
1746,116.33502127,27.74386929,24.6,5
1747,116.34151038,27.74318762,93.6,5
1748,116.34661699,27.76162464,46.2,5
1749,116.29600986,27.71777286,62.7,5
1750,116.29575191,27.72890554,38.7,5
1751,116.28230623,27.70728499,129.6,5
1752,116.30013312,27.72987697,68.1,5
1753,116.29137197,27.70424282,35.1,5
1754,116.2882479,27.71393205,165.3,5
1755,116.29393276,27.70154106,252.9,5
1756,116.24247863,27.7366259,99.0,5
1757,116.24977615,27.75208772,57.6,5
1758,116.24591497,27.71863703,45.6,5
1759,116.25650135,27.71515976,14.1,5
1760,116.25053575,27.71214934,15.0,5
1761,116.2592573,27.72984377,40.2,5
1762,116.23791468,27.75093605,29.4,5
1763,116.2413402,27.74298869,76.2,5
1764,116.25848067,27.71528267,32.4,5
1765,116.26020803,27.71154404,43.5,5
1766,116.24340273,27.7247727,46.2,5
1767,116.33127555,27.71814658,67.5,5
1768,116.34425882,27.7209577,61.5,5
1769,116.33823532,27.72198041,61.5,5
1770,116.32751692,27.72130737,61.5,5
1771,116.33238365,27.72000624,61.5,5
1772,116.2728034,27.78085233,36.3,5
1773,116.27015523,27.77951107,47.1,5
1774,116.26931902,27.77766037,23.1,5
1775,116.28005593,27.77215813,27.9,5
1776,116.2853988,27.76757068,109.2,5
1777,116.27595568,27.77504387,22.8,5
1778,116.2846806,27.77031557,50.4,5
1779,116.29874927,27.75654652,619.5,5
1780,116.29479601,27.76106304,150.9,5
1781,116.29506396,27.75943891,36.6,5
1782,116.25326525,27.76670593,40.5,5
1783,116.25550982,27.77432025,147.9,5
1784,116.25536509,27.77276794,33.6,5
1785,116.24509387,27.78889813,104.4,5
1786,116.33163506,27.70756357,82.8,5
1787,116.32064363,27.70653954,41.7,5
1788,116.32335261,27.70812088,24.0,5
1789,116.32771201,27.69050814,28.8,5
1790,116.33214589,27.67872708,24.6,5
1791,116.34331286,27.69818399,63.6,5
1792,116.28356539,27.77910865,144.0,5
1793,116.28791134,27.77156474,84.9,5
1794,116.29449483,27.77691979,72.6,5
1795,116.29618247,27.77226502,41.1,5
1796,116.2911418,27.77220597,124.5,5
1797,116.59342992,27.79917953,31.2,5
1798,116.59758669,27.80247846,75.6,5
1799,116.60520747,27.78959109,30.6,5
1800,116.59774255,27.79817375,142.8,5
1801,116.59922285,27.7969207,177.6,5
1802,116.61060731,27.8383537,208.5,5
1803,116.61113232,27.8417599,288.0,5
1804,116.6117542,27.83969099,216.0,5
1805,116.58524022,27.82338871,95.1,5
1806,116.58741919,27.82077048,90.6,5
1807,116.5943187,27.82207276,114.6,5
1808,116.59056362,27.81893053,66.0,5
1809,116.5926557,27.8224141,84.0,5
1810,116.58733322,27.82226992,116.4,5
1811,116.59012344,27.82191989,130.2,5
1812,116.60328413,27.84212366,204.0,5
1813,116.6060563,27.8378054,54.0,5
1814,116.5987801,27.83703828,148.5,5
1815,116.60658716,27.83622053,151.8,5
1816,116.60746612,27.83902893,132.0,5
1817,116.57374911,27.86152362,34.8,5
1818,116.58032081,27.8614965,110.7,5
1819,116.56911906,27.86972414,64.8,5
1820,116.58538768,27.86095437,135.0,5
1821,116.58043862,27.86530556,104.1,5
1822,116.569007,27.85989576,102.9,5
1823,116.58217827,27.85901699,83.4,5
1824,116.59488533,27.84842446,223.8,5
1825,116.60304745,27.85232356,45.6,5
1826,116.59649391,27.85609074,187.8,5
1827,116.5924492,27.85775046,85.8,5
1828,116.59278729,27.85624678,26.7,5
1829,116.59623657,27.85457272,178.8,5
1830,116.59446092,27.85717211,217.8,5
1831,116.57662862,27.84228048,29.7,5
1832,116.57232765,27.83967134,69.0,5
1833,116.57756303,27.83955332,0.0,5
1834,116.5853992,27.85047069,129.6,5
1835,116.59164613,27.83557617,123.0,5
1836,116.58567872,27.84440788,148.5,5
1837,116.59511637,27.84326283,58.2,5
1838,116.56492277,27.81047019,74.7,5
1839,116.56947715,27.82156171,27.9,5
1840,116.57079843,27.82112203,30.9,5
1841,116.57257265,27.79501762,28.5,5
1842,116.56550256,27.81599248,78.0,5
1843,116.56899957,27.81558674,33.3,5
1844,116.60155857,27.8285639,114.6,5
1845,116.60490438,27.82792728,233.7,5
1846,116.60738095,27.83101054,185.4,5
1847,116.60312522,27.81600786,42.6,5
1848,116.60566141,27.8132927,114.0,5
1849,116.60617591,27.81548969,117.0,5
1850,116.60518391,27.81800035,207.0,5
1851,116.61413642,27.80377784,241.2,5
1852,116.60642861,27.80560438,80.1,5
1853,116.61025665,27.79674174,32.4,5
1854,116.6064014,27.81108099,22.8,5
1855,116.60996098,27.80844079,145.8,5
1856,116.61011093,27.81022036,96.9,5
1857,116.60693221,27.80999403,75.9,5
1858,116.63175225,27.7794393,154.8,5
1859,116.62158521,27.79102334,89.7,5
1860,116.61594811,27.79818092,35.7,5
1861,116.62717794,27.78683569,206.7,5
1862,116.61833834,27.79266855,117.0,5
1863,116.63970903,27.78073826,114.0,5
1864,116.64596207,27.77784221,77.4,5
1865,116.64269144,27.7751559,114.0,5
1866,116.64394965,27.7730319,126.0,5
1867,116.64914789,27.76600189,87.0,5
1868,116.63081645,27.7608831,57.0,5
1869,116.63420605,27.7634044,66.0,5
1870,116.62342476,27.76343635,54.0,5
1871,116.64329704,27.76626794,63.0,5
1872,116.63853274,27.75936268,27.0,5
1873,116.54687396,27.82414211,57.3,5
1874,116.5559534,27.82465365,117.3,5
1875,116.53832385,27.82139881,90.9,5
1876,116.54699804,27.81865218,29.7,5
1877,116.53984967,27.84260205,78.3,5
1878,116.55073234,27.8477023,142.2,5
1879,116.54693777,27.83358458,318.0,5
1880,116.53816955,27.8704341,153.0,5
1881,116.53882544,27.87404988,67.8,5
1882,116.52716443,27.8562419,105.6,5
1883,116.52339799,27.85764516,158.4,5
1884,116.52683246,27.83502505,153.0,5
1885,116.52986588,27.84734007,34.8,5
1886,116.52349669,27.8332129,29.4,5
1887,116.52417976,27.83690137,66.3,5
1888,116.52245258,27.83644582,105.0,5
1889,116.51581346,27.81970573,33.0,5
1890,116.50886467,27.83165694,16.8,5
1891,116.50165269,27.830321,28.8,5
1892,116.51165868,27.82124049,67.2,5
1893,116.51244967,27.82306972,92.4,5
1894,116.51476364,27.8251596,49.2,5
1895,116.51996424,27.79615968,88.8,5
1896,116.52314405,27.8003263,108.6,5
1897,116.52343476,27.79834323,85.8,5
1898,116.52275605,27.80811803,125.4,5
1899,116.52505338,27.8108959,150.9,5
1900,116.52754432,27.81293382,115.8,5
1901,116.52303552,27.81250381,124.5,5
1902,116.48350895,27.69817507,33.0,5
1903,116.4853026,27.67814659,43.5,5
1904,116.48681797,27.70852567,18.0,5
1905,116.48660283,27.70672957,32.4,5
1906,116.50003567,27.71996431,47.1,5
1907,116.50272221,27.70939974,150.0,5
1908,116.50666178,27.71169147,33.0,5
1909,116.49059162,27.69719834,36.0,5
1910,116.52572139,27.72859747,43.2,5
1911,116.52368734,27.73135578,12.0,5
1912,116.51018522,27.73501616,31.2,5
1913,116.51447969,27.73747917,253.5,5
1914,116.51062024,27.74700754,27.9,5
1915,116.51277284,27.74872802,21.6,5
1916,116.52118485,27.73681941,63.6,5
1917,116.51536709,27.74475654,59.4,5
1918,116.52013006,27.73825053,45.6,5
1919,116.51894064,27.74068792,75.0,5
1920,116.52766554,27.77516267,115.8,5
1921,116.53021634,27.76585521,183.0,5
1922,116.53552485,27.77784626,175.2,5
1923,116.53469373,27.7787912,90.3,5
1924,116.53012879,27.78545109,74.1,5
1925,116.52680936,27.78476816,82.5,5
1926,116.52976828,27.7862998,77.1,5
1927,116.52027313,27.76759395,127.8,5
1928,116.51370706,27.77773881,87.6,5
1929,116.50834134,27.7777704,44.4,5
1930,116.52044066,27.75802316,55.8,5
1931,116.53373568,27.75062377,51.6,5
1932,116.50538515,27.79647755,47.1,5
1933,116.50458342,27.79367008,66.9,5
1934,116.50155293,27.79765733,54.9,5
1935,116.49753267,27.7937865,99.3,5
1936,116.49897149,27.77087309,39.9,5
1937,116.48970775,27.78336332,29.4,5
1938,116.47192196,27.7856148,12.0,5
1939,116.48272659,27.7945305,127.5,5
1940,116.4840734,27.77652541,36.3,5
1941,116.49346016,27.76967444,131.4,5
1942,116.48434285,27.77178851,41.4,5
1943,116.4807051,27.76879668,84.0,5
1944,116.47863885,27.76617496,75.9,5
1945,116.4727629,27.7652804,59.4,5
1946,116.46356308,27.76556034,35.3,5
1947,116.46422954,27.77308659,40.0,5
1948,116.47246816,27.74974459,46.5,5
1949,116.48490659,27.75430697,12.6,5
1950,116.47600638,27.74533126,96.6,5
1951,116.47512378,27.74697886,60.0,5
1952,116.47682707,27.74432451,39.0,5
1953,116.50262236,27.74839859,57.0,5
1954,116.49379571,27.74541859,89.4,5
1955,116.49312218,27.75532599,51.0,5
1956,116.50485069,27.74705678,123.6,5
1957,116.50107736,27.75240139,27.0,5
1958,116.51025333,27.75943209,552.0,5
1959,116.42556797,28.06152966,213.3,5
1960,116.42710913,28.06598169,147.0,5
1961,116.43074757,28.04382693,406.19,5
1962,116.42601114,28.02652641,213.2,5
1963,116.4200815,28.03769763,173.4,5
1964,116.42482914,28.03170641,140.8,5
1965,116.46062706,28.03020598,354.0,5
1966,116.42327415,28.00039572,167.4,5
1967,116.4348026,27.99342638,109.5,5
1968,116.42607776,27.99896784,83.0,5
1969,116.4333301,27.99685432,91.4,5
1970,116.42963407,27.99417753,44.4,5
1971,116.42779135,27.99697052,45.6,5
1972,116.49454962,28.0205433,111.9,5
1973,116.49095479,28.01416658,22.6,5
1974,116.48986832,28.0048742,10.5,5
1975,116.49374251,28.01763266,76.9,5
1976,116.49254776,28.01625547,68.5,5
1977,116.49381806,28.01498985,47.9,5
1978,116.46039234,28.00531004,50.3,5
1979,116.45930654,27.99625915,70.9,5
1980,116.46100664,27.99102334,73.3,5
1981,116.45145445,28.00150022,58.8,5
1982,116.45127114,28.00779079,44.3,5
1983,116.45966103,28.00269337,81.7,5
1984,116.45696059,28.00875061,21.4,5
1985,116.39890606,28.01874651,52.8,5
1986,116.40215679,28.01957514,23.8,5
1987,116.40607874,28.02030013,113.0,5
1988,116.41115006,28.01985159,50.3,5
1989,116.41360833,28.01994742,35.9,5
1990,116.48482939,28.02275953,81.0,5
1991,116.47610111,28.01658668,174.0,5
1992,116.47156477,28.02079927,72.0,5
1993,116.48101874,28.02796782,126.0,5
1994,116.4811377,28.02076904,30.0,5
1995,116.43690592,28.03294364,271.4,5
1996,116.46689,28.01276318,128.7,5
1997,116.46134899,28.01544457,140.8,5
1998,116.46309192,28.01421254,74.4,5
1999,116.46890161,28.01937601,98.6,5
2000,116.46716943,28.01696061,116.7,5
2001,116.44038787,28.03988229,183.0,5
2002,116.44410762,28.0372179,170.9,5
2003,116.44450513,28.04075137,98.6,5
2004,116.44175264,28.04526404,84.1,5
2005,116.44248931,28.04163803,50.3,5
2006,116.42990887,28.0521219,33.4,5
2007,116.4205854,28.04823904,158.9,5
2008,116.42662147,28.05172034,152.8,5
2009,116.43843404,28.00865765,80.5,5
2010,116.45536822,28.0148007,78.1,5
2011,116.44468976,28.01705252,38.4,5
2012,116.45078624,28.02020002,91.5,5
2013,116.455852,28.01778586,123.9,5
2014,116.45042098,28.01549113,56.3,5
2015,116.43877744,28.01560238,36.0,5
2016,116.44709796,28.01965268,56.3,5
2017,116.44344305,28.01199144,76.8,5
2018,116.44081457,28.01314264,44.3,5
2019,116.4525342,28.01520662,57.5,5
2020,116.43222156,28.01923043,113.0,5
2021,116.43232923,28.01636969,68.4,5
2022,116.43231874,28.01321504,32.2,5
2023,116.43069567,28.02065886,56.3,5
2024,116.50657674,27.62655442,99.0,5
2025,116.48871267,27.67007472,37.8,5
2026,116.48072578,27.67466975,39.0,5
2027,116.46775662,27.65930101,51.0,5
2028,116.46126903,27.65914697,40.5,5
2029,116.4911176,27.57520074,218.1,5
2030,116.48701712,27.56719958,138.6,5
2031,116.4861979,27.58256605,58.5,5
2032,116.50643463,27.58406496,28.8,5
2033,116.48341984,27.59657462,47.7,5
2034,116.48638136,27.57629944,26.7,5
2035,116.49883158,27.62900276,66.6,5
2036,116.49264239,27.62430705,88.5,5
2037,116.48016757,27.62040127,44.1,5
2038,116.4942127,27.64118939,65.1,5
2039,116.49084324,27.64428747,31.2,5
2040,116.49592452,27.6376538,33.6,5
2041,116.49429895,27.63945494,36.0,5
2042,116.47800977,27.54855906,97.5,5
2043,116.48399015,27.52783237,105.6,5
2044,116.46775661,27.51897706,18.6,5
2045,116.48087329,27.53999611,24.9,5
2046,116.45889493,27.54639761,57.6,5
2047,116.45419886,27.55987996,52.2,5
2048,116.45565653,27.55598336,20.1,5
2049,116.45896369,27.5615315,27.6,5
2050,116.50680825,27.62545237,69.6,5
2051,116.50521569,27.61826052,85.2,5
2052,116.51644695,27.62645524,32.4,5
2053,116.51158188,27.6275152,53.4,5
2054,116.5044558,27.63159583,42.3,5
2055,116.50213556,27.63848046,73.2,5
2056,116.50407277,27.64339097,45.6,5
2057,116.50320157,27.63408259,42.3,5
2058,116.47596678,28.08323731,115.5,5
2059,116.477883,28.07641668,113.1,5
2060,116.47852906,28.07253667,78.0,5
2061,116.47964799,28.07757673,144.0,5
2062,116.44999514,28.09772368,109.5,5
2063,116.44972656,28.09435329,104.4,5
2064,116.45186716,28.08717276,89.1,5
2065,116.43982572,28.08054211,125.4,5
2066,116.44134158,28.07800739,148.5,5
2067,116.43875029,28.08754593,124.5,5
2068,116.43442981,28.08769084,90.0,5
2069,116.42993799,28.09163238,33.0,5
2070,116.44457677,28.08687436,117.0,5
2071,116.45557359,28.07062694,625.5,5
2072,116.44393426,28.05437821,258.0,5
2073,116.43855955,28.05283493,378.0,5
2074,116.43793538,28.06266321,102.0,5
2075,116.44851359,28.06703771,201.0,5
2076,116.44985809,28.06262323,117.0,5
2077,116.45765189,28.10933512,105.0,5
2078,116.45812504,28.11124804,129.0,5
2079,116.46362255,28.10764575,105.0,5
2080,116.50770083,28.05984042,57.0,5
2081,116.49208008,28.07846515,74.1,5
2082,116.49184902,28.07354124,148.5,5
2083,116.49175781,28.06985786,65.7,5
2084,116.49491754,28.06535556,18.0,5
2085,116.5054722,28.06526895,55.8,5
2086,116.49993925,28.06501086,51.9,5
2087,116.50284571,28.06474501,56.1,5
2088,116.49181187,28.0667713,42.6,5
2089,116.49574579,28.07335408,59.7,5
2090,116.5148698,28.05585605,174.0,5
2091,116.51378251,28.05842857,84.0,5
2092,116.5076852,28.05311698,45.0,5
2093,116.49907859,28.05848881,96.0,5
2094,116.49608621,28.05603667,41.4,5
2095,116.49491266,28.05884558,33.0,5
2096,116.5054513,28.05704021,141.0,5
2097,116.49320127,28.0566104,54.0,5
2098,116.48482671,28.05726268,363.3,5
2099,116.490413,28.06043244,94.5,5
2100,116.4868931,28.0607061,87.9,5
2101,116.47427376,28.05770623,91.8,5
2102,116.47342367,28.0567901,128.1,5
2103,116.47030365,28.04778053,103.2,5
2104,116.47252016,28.05103001,169.2,5
2105,116.47113737,28.0508511,72.6,5
2106,116.47057252,28.04966583,71.7,5
2107,116.47728654,28.06543662,84.0,5
2108,116.47763128,28.06101796,60.0,5
2109,116.47868053,28.06225426,135.0,5
2110,116.47258388,28.0618681,177.0,5
2111,116.38501879,28.00755488,118.8,5
2112,116.38418275,28.0051538,90.6,5
2113,116.38082204,28.00474914,80.4,5
2114,116.38281111,27.99768413,73.8,5
2115,116.38510517,27.99980476,45.3,5
2116,116.37996458,28.00389248,47.4,5
2117,116.38972127,27.99774109,129.6,5
2118,116.38295555,28.00130812,60.6,5
2119,116.38108495,28.00113914,115.8,5
2120,116.40383307,27.98882617,248.1,5
2121,116.40348897,27.99818777,44.4,5
2122,116.40578531,27.99874703,51.0,5
2123,116.40027031,27.9962502,75.9,5
2124,116.39860755,27.99506128,47.1,5
2125,116.39647303,27.992655,26.1,5
2126,116.39674107,27.99427521,69.0,5
2127,116.40215866,27.99570529,83.7,5
2128,116.41231276,27.97683135,117.6,5
2129,116.41930214,27.97946062,171.9,5
2130,116.41684369,27.97278715,157.8,5
2131,116.41118586,27.974002,78.3,5
2132,116.42786854,27.97156501,259.5,5
2133,116.40563708,27.97324707,123.6,5
2134,116.4260138,27.99264787,55.8,5
2135,116.42477831,27.99511016,42.0,5
2136,116.41997764,27.99271807,189.0,5
2137,116.42133098,27.9902745,33.0,5
2138,116.41977397,27.98807486,105.0,5
2139,116.41631676,27.98310698,87.0,5
2140,116.41973151,27.98175427,60.0,5
2141,116.41083562,27.99153302,189.0,5
2142,116.41626865,27.9804962,72.0,5
2143,116.39464828,28.00923144,258.0,5
2144,116.39302907,28.0052766,93.0,5
2145,116.40252805,28.00561581,261.0,5
2146,116.3983487,28.01271684,162.0,5
2147,116.40128808,28.01496173,90.0,5
2148,116.44080849,27.95339961,61.8,5
2149,116.43642832,27.95599453,49.5,5
2150,116.43856745,27.95204517,59.4,5
2151,116.43209214,27.95670876,50.7,5
2152,116.44041634,27.9508633,121.8,5
2153,116.442319,27.95136422,41.4,5
2154,116.43519071,27.97770618,78.9,5
2155,116.43936111,27.97419669,58.2,5
2156,116.42458613,27.98016654,29.7,5
2157,116.42910817,27.98730709,96.0,5
2158,116.42788323,27.98975989,53.4,5
2159,116.43515793,27.98452918,87.0,5
2160,116.42560628,27.98402446,39.0,5
2161,116.43501864,27.97930749,97.5,5
2162,116.43104809,27.97957689,78.9,5
2163,116.43266534,27.97813856,122.4,5
2164,116.43465849,27.98098906,95.4,5
2165,116.4783302,28.00007028,44.4,5
2166,116.48250657,27.99563845,67.5,5
2167,116.48541292,27.99320228,80.4,5
2168,116.48399233,27.99041234,109.5,5
2169,116.4805592,27.98588248,144.0,5
2170,116.48114077,27.98108916,64.5,5
2171,116.47869703,27.98847359,105.0,5
2172,116.4592777,27.95231393,117.0,5
2173,116.45782538,27.95403572,82.8,5
2174,116.44901663,27.95974179,40.8,5
2175,116.45011392,27.95403788,178.8,5
2176,116.45307222,27.94264986,51.0,5
2177,116.44955536,27.94613106,54.0,5
2178,116.44757695,27.94443027,183.0,5
2179,116.44897445,27.94915384,45.6,5
2180,116.46133155,27.96310542,80.4,5
2181,116.45766292,27.96825271,32.7,5
2182,116.45287744,27.95800576,36.6,5
2183,116.44912408,27.96080358,41.7,5
2184,116.44600582,27.96125245,72.6,5
2185,116.44598458,27.95780228,37.8,5
2186,116.45932534,27.96211017,73.5,5
2187,116.45314607,27.96099203,24.0,5
2188,116.45330555,27.98469485,66.0,5
2189,116.44769136,27.99389369,90.0,5
2190,116.43986508,27.98988091,85.5,5
2191,116.45357509,27.97618552,79.5,5
2192,116.45189754,27.97383164,72.0,5
2193,116.44829432,27.98363262,225.9,5
2194,116.46624829,27.96313659,96.0,5
2195,116.47799957,27.96116831,43.5,5
2196,116.46944946,27.96214021,27.0,5
2197,116.48136262,27.96553304,39.0,5
2198,116.48779346,27.97086871,45.0,5
2199,116.47458219,27.96643333,75.0,5
2200,116.47374342,27.95819926,66.0,5
2201,116.46310621,27.9688533,96.0,5
2202,116.46820584,27.97252451,63.0,5
2203,116.47087545,27.95959433,46.8,5
2204,116.43411678,27.96856865,76.8,5
2205,116.4211286,27.96898045,120.0,5
2206,116.42105375,27.96477228,116.1,5
2207,116.42496337,27.96381863,123.3,5
2208,116.43537975,27.96528644,89.4,5
2209,116.43427857,27.96096759,104.7,5
2210,116.42865865,27.96550975,85.5,5
2211,116.38186651,28.01346898,63.0,5
2212,116.38431594,28.01561277,72.9,5
2213,116.38776239,28.02255887,70.5,5
2214,116.38533948,28.01964284,54.3,5
2215,116.38087985,28.01931482,41.7,5
2216,116.38939264,28.01765096,112.2,5
2217,116.38982134,28.02063473,48.6,5
2218,116.38053745,28.01146172,38.1,5
2219,116.39555114,27.98522627,390.0,5
2220,116.40638742,27.98418326,333.0,5
2221,116.40177369,27.97925518,294.0,5
2222,116.37990416,28.02258382,36.3,5
2223,116.37271213,28.03026385,78.9,5
2224,116.3791964,28.02656292,51.6,5
2225,116.37722428,28.02612911,55.5,5
2226,116.38099738,28.02424055,38.4,5
2227,116.39423883,28.03314567,114.0,5
2228,116.38748281,28.03284587,246.0,5
2229,116.39582666,28.02807769,144.0,5
2230,116.39149359,28.02904545,50.4,5
2231,116.38437678,27.99167563,41.4,5
2232,116.38203965,27.99275767,62.7,5
2233,116.38195416,27.98930864,78.6,5
2234,116.38967413,27.98349457,48.6,5
2235,116.38714381,27.98043518,57.0,5
2236,116.39038219,27.9794762,76.2,5
2237,116.38545474,27.98539241,303.6,5
2238,116.44570449,27.96481564,218.1,5
2239,116.44428484,27.97075549,95.4,5
2240,116.44056515,27.97232221,43.8,5
2241,116.44487604,27.97232034,95.4,5
2242,116.45131702,27.97108202,38.4,5
2243,116.24062415,28.12137856,40.8,5
2244,116.23772536,28.12001466,79.2,5
2245,116.24141893,28.11706339,53.4,5
2246,116.2406892,28.11314503,30.6,5
2247,116.24016297,28.11524589,50.4,5
2248,116.238197,28.13038643,14.399999999999999,5
2249,116.23581369,28.12463186,453.3,5
2250,116.23650182,28.11294453,18.0,5
2251,116.24124637,28.12721755,15.6,5
2252,116.24362826,28.14424051,371.4,5
2253,116.2404934,28.14617915,54.3,5
2254,116.26526141,28.11153305,335.4,5
2255,116.26827495,28.10954358,185.4,5
2256,116.26618422,28.10479361,111.0,5
2257,116.25979234,28.09796282,99.0,5
2258,116.26018945,28.09518918,42.3,5
2259,116.25732552,28.09129959,127.8,5
2260,116.25208971,28.08993743,66.3,5
2261,116.25484719,28.09134752,83.7,5
2262,116.25630617,28.09338243,190.5,5
2263,116.26032945,28.08800422,0.0,5
2264,116.26194933,28.08540016,0.0,5
2265,116.26907032,28.08525395,132.9,5
2266,116.26927392,28.08693889,98.7,5
2267,116.2715467,28.09114028,60.0,5
2268,116.26913394,28.09458781,135.6,5
2269,116.2757488,28.09698661,48.6,5
2270,116.26864051,28.09688837,59.4,5
2271,116.26503184,28.09845726,24.6,5
2272,116.27389529,28.08268451,44.1,5
2273,116.23641277,28.15375547,53.1,5
2274,116.23481259,28.15600617,786.0,5
2275,116.25459851,28.11606105,186.0,5
2276,116.24723651,28.12192888,151.79999999999998,5
2277,116.24420944,28.12446459,105.0,5
2278,116.24689282,28.12497602,72.0,5
2279,116.24888899,28.12607387,66.0,5
2280,116.25320285,28.12643324,339.0,5
2281,116.2535909,28.10347334,111.0,5
2282,116.24481226,28.10233736,493.5,5
2283,116.2476779,28.1044106,60.0,5
2284,116.25247269,28.13296257,433.8,5
2285,116.24750652,28.09990511,498.9,5
2286,116.27117896,28.13270804,1092.6,5
2287,116.23506111,28.13623261,54.9,5
2288,116.2358126,28.13874988,57.3,5
2289,116.23965648,28.13960317,228.3,5
2290,116.23499663,28.13679083,32.4,5
2291,116.26583879,28.13405542,152.1,5
2292,116.2582874,28.13844933,127.8,5
2293,116.25697829,28.14234792,99.9,5
2294,116.25738612,28.14028519,32.4,5
2295,116.26746926,28.12829171,29.7,5
2296,116.25946781,28.13330155,76.8,5
2297,116.26765053,28.14166163,27.3,5
2298,116.26372514,28.1456472,78.3,5
2299,116.26147267,28.14661333,65.39999999999999,5
2300,116.26267381,28.14868472,268.2,5
2301,116.25846881,28.1509854,127.5,5
2302,116.25285749,28.15233008,70.8,5
2303,116.2290054,28.11575066,51.0,5
2304,116.23708202,28.10821257,241.2,5
2305,116.23007967,28.11352739,62.7,5
2306,116.23022927,28.12349755,77.39999999999999,5
2307,116.23106743,28.11825535,9.9,5
2308,116.22680307,28.11956281,52.8,5
2309,116.22763035,28.11753825,5.1,5
2310,116.22152757,28.12687304,372.0,5
2311,116.22862822,28.13174324,50.1,5
2312,116.2256847,28.13457478,63.0,5
2313,116.22122583,28.13851147,128.7,5
2314,116.21930263,28.13681576,132.0,5
2315,116.22043033,28.14356313,51.0,5
2316,116.27660622,28.09905877,361.8,5
2317,116.28122576,28.10162852,93.0,5
2318,116.28037852,28.10843481,173.4,5
2319,116.27053643,28.12239401,121.8,5
2320,116.26967311,28.12464219,219.0,5
2321,116.26870346,28.1148717,579.0,5
2322,116.26323372,28.1204019,152.1,5
2323,116.34805888,28.22399561,97.8,5
2324,116.34054166,28.22125818,66.6,5
2325,116.33574501,28.21494238,167.4,5
2326,116.33170301,28.21329079,206.1,5
2327,116.35208,28.15967395,162.0,5
2328,116.35845296,28.15832977,51.0,5
2329,116.35473592,28.16240338,127.8,5
2330,116.29315396,28.2172874,138.0,5
2331,116.29637873,28.21532554,129.0,5
2332,116.29542518,28.21691531,54.0,5
2333,116.29298274,28.21466881,87.0,5
2334,116.29555402,28.21321845,108.0,5
2335,116.32288872,28.1693008,93.0,5
2336,116.31696688,28.17333189,255.0,5
2337,116.31197469,28.19858245,139.5,5
2338,116.31537999,28.19962583,82.8,5
2339,116.31399847,28.20101838,89.4,5
2340,116.31964171,28.20172651,53.4,5
2341,116.31328689,28.19394651,39.0,5
2342,116.31590515,28.19394169,66.0,5
2343,116.33067088,28.19850941,123.0,5
2344,116.24322216,28.19012634,235.5,5
2345,116.24538465,28.19609387,103.2,5
2346,116.24109191,28.18109403,75.6,5
2347,116.23459521,28.18972566,116.69999999999999,5
2348,116.30408162,28.19847338,244.8,5
2349,116.30070774,28.19749555,42.6,5
2350,116.30081518,28.19341025,41.7,5
2351,116.29852278,28.19468109,110.4,5
2352,116.29452669,28.1988385,243.6,5
2353,116.28178578,28.20540814,43.8,5
2354,116.25354049,28.20056664,108.0,5
2355,116.26131831,28.20099933,216.0,5
2356,116.3062798,28.16535844,216.0,5
2357,116.32369208,28.16576159,87.0,5
2358,116.31102944,28.16633381,84.0,5
2359,116.31086365,28.16366186,90.0,5
2360,116.34001125,28.15740616,80.1,5
2361,116.33300882,28.15132692,81.6,5
2362,116.32606976,28.15830292,88.2,5
2363,116.32868288,28.15227177,85.8,5
2364,116.28776816,28.17144068,81.0,5
2365,116.283396,28.17125699,177.0,5
2366,116.28917244,28.16358781,38.4,5
2367,116.28355686,28.16989474,27.0,5
2368,116.2745872,28.14667063,80.1,5
2369,116.26873314,28.1471295,66.0,5
2370,116.27248487,28.16016299,156.6,5
2371,116.28109295,28.15604892,255.89999999999998,5
2372,116.28168225,28.15828556,209.7,5
2373,116.2991776,28.17675853,174.0,5
2374,116.31822137,28.1524241,108.0,5
2375,116.31562955,28.15760368,108.0,5
2376,116.31598245,28.16378967,60.0,5
2377,116.31966661,28.15697178,72.0,5
2378,116.31962398,28.15436085,120.0,5
2379,116.31591888,28.15497324,144.0,5
2380,116.35852608,28.1820144,228.0,5
2381,116.3549814,28.17346999,123.0,5
2382,116.34377942,28.17203277,81.0,5
2383,116.34396752,28.16310311,45.0,5
2384,116.30839451,28.24065892,57.0,5
2385,116.31905988,28.24790763,33.0,5
2386,116.30856684,28.22804898,84.0,5
2387,116.31464901,28.235638,360.0,5
2388,116.33296339,28.18464153,118.8,5
2389,116.33221423,28.17981958,107.4,5
2390,116.34472062,28.18683263,70.8,5
2391,116.33227497,28.22473378,145.5,5
2392,116.31666382,28.21481789,322.8,5
2393,116.28114372,28.19261494,120.0,5
2394,116.27439118,28.18620054,24.0,5
2395,116.26942724,28.18449283,131.4,5
2396,116.26809776,28.18247933,139.5,5
2397,116.26797997,28.18025685,30.0,5
2398,116.39300376,28.05443633,96.6,5
2399,116.40262647,28.0503245,98.4,5
2400,116.38841371,28.05769613,120.3,5
2401,116.40492012,28.0839191,121.19999999999999,5
2402,116.41002918,28.07763399,149.7,5
2403,116.40490969,28.08008489,101.7,5
2404,116.40675562,28.07856566,92.7,5
2405,116.34576897,28.06392467,72.6,5
2406,116.34724708,28.06038063,181.2,5
2407,116.34643343,28.05734241,193.8,5
2408,116.34221055,28.10465797,54.0,5
2409,116.34761836,28.10565152,75.0,5
2410,116.35164515,28.10534168,237.3,5
2411,116.3547511,28.1053365,118.8,5
2412,116.3609533,28.10099173,110.4,5
2413,116.38879878,28.06982553,51.9,5
2414,116.38201216,28.06987765,67.5,5
2415,116.39670316,28.06714274,159.9,5
2416,116.38759749,28.07433306,118.5,5
2417,116.39079296,28.07450171,82.8,5
2418,116.37684241,28.11210223,197.4,5
2419,116.36859147,28.10652765,288.0,5
2420,116.36530592,28.05996361,174.0,5
2421,116.37671797,28.0590029,378.0,5
2422,116.36894864,28.06085835,78.0,5
2423,116.42085234,28.06783146,69.0,5
2424,116.42559876,28.07972764,156.0,5
2425,116.42263478,28.07266183,66.0,5
2426,116.42263447,28.07654365,150.6,5
2427,116.4220862,28.08322712,30.9,5
2428,116.36765008,28.08774884,186.0,5
2429,116.36561433,28.08902956,93.0,5
2430,116.4366022,28.06848441,63.599999999999994,5
2431,116.43496821,28.07409661,264.0,5
2432,116.43404374,28.07756049,122.4,5
2433,116.34271514,28.08801613,367.2,5
2434,116.36822354,28.15278159,153.0,5
2435,116.36017893,28.14061658,140.7,5
2436,116.36959586,28.14209842,105.0,5
2437,116.3653319,28.13844238,0.0,5
2438,116.37469751,28.13059608,193.2,5
2439,116.37191145,28.12836606,132.9,5
2440,116.37271528,28.12662395,66.0,5
2441,116.37684111,28.12872021,79.2,5
2442,116.39670229,28.07825822,83.7,5
2443,116.39247603,28.08251991,83.7,5
2444,116.38981667,28.08006917,35.4,5
2445,116.38643875,28.08400006,139.2,5
2446,116.41378744,28.06316811,483.0,5
2447,116.37613717,28.08522066,260.7,5
2448,116.33164349,28.08396618,122.4,5
2449,116.33695497,28.07799172,232.8,5
2450,116.34401159,28.07869819,270.0,5
2451,116.31350469,28.0782065,178.2,5
2452,116.31692078,28.07738598,101.4,5
2453,116.32247758,28.08614213,92.4,5
2454,116.32260631,28.0830746,118.8,5
2455,116.33189017,28.07873979,50.1,5
2456,116.32666482,28.07927996,233.39999999999998,5
2457,116.32491959,28.0778821,122.69999999999999,5
2458,116.32215694,28.07851222,93.9,5
2459,116.40945298,28.0343767,168.9,5
2460,116.39372342,28.04068506,138.0,5
2461,116.3991406,28.0375582,63.9,5
2462,116.35271994,28.05679177,138.3,5
2463,116.36009966,28.0585697,111.0,5
2464,116.35665003,28.06549693,100.5,5
2465,116.35511828,28.06678714,137.1,5
2466,116.34964378,28.08823097,60.599999999999994,5
2467,116.35291045,28.08585874,179.1,5
2468,116.35420723,28.07514906,181.2,5
2469,116.35029795,28.0768693,189.6,5
2470,116.38434041,28.0453026,293.4,5
2471,116.35222147,28.1310821,466.5,5
2472,116.35465244,28.13437097,321.3,5
2473,116.36446333,28.08019851,255.3,5
2474,116.36259407,28.07835503,309.9,5
2475,116.40083218,28.08210132,414.0,5
2476,116.36316267,28.06779738,78.0,5
2477,116.36062376,28.06866274,84.0,5
2478,116.36829983,28.0681549,138.0,5
2479,116.35912393,28.07086168,258.0,5
2480,116.3638159,28.07111984,58.5,5
2481,116.38185904,28.04043183,203.4,5
2482,116.41402171,28.08741525,211.2,5
2483,116.3585865,28.09451134,177.6,5
2484,116.35295283,28.09175632,134.7,5
2485,116.35286142,28.09650368,132.0,5
2486,116.35093885,28.09836695,50.7,5
2487,116.35621918,28.09624734,61.8,5
2488,116.34115297,28.07200022,51.9,5
2489,116.34372285,28.07362402,141.0,5
2490,116.34659289,28.07244009,78.3,5
2491,116.34510986,28.07059645,224.1,5
2492,116.32146935,28.10800048,80.39999999999999,5
2493,116.32400147,28.11144077,47.1,5
2494,116.33031361,28.11147603,230.1,5
2495,116.32767979,28.1083767,32.699999999999996,5
2496,116.33808705,28.11594731,190.2,5
2497,116.32787167,28.11935476,172.2,5
2498,116.3328298,28.11263534,137.4,5
2499,116.33463942,28.11229119,134.7,5
2500,116.32297858,28.11537983,22.8,5
2501,116.3325519,28.10622834,56.4,5
2502,116.26581841,28.12017334,115.8,5
2503,116.30540612,28.10663841,131.4,5
2504,116.31009626,28.11632174,246.6,5
2505,116.31614723,28.11031038,129.0,5
2506,116.31855651,28.11133751,57.3,5
2507,116.30462376,28.1131135,195.3,5
2508,116.29158662,28.11918616,56.4,5
2509,116.28391416,28.12262676,127.5,5
2510,116.2893039,28.12627263,387.0,5
2511,116.29196114,28.1251996,182.7,5
2512,116.28174958,28.11907102,180.3,5
2513,116.2827035,28.11801944,132.0,5
2514,116.28067721,28.12682268,164.7,5
2515,116.28373166,28.12680023,172.8,5
2516,116.32097511,28.1295692,258.0,5
2517,116.32744178,28.13969088,65.7,5
2518,116.31159514,28.12156193,92.7,5
2519,116.31386558,28.1195326,77.1,5
2520,116.3292872,28.09190371,440.4,5
2521,116.3243617,28.09187526,52.8,5
2522,116.33488695,28.09620955,150.29999999999998,5
2523,116.34327154,28.09365705,156.0,5
2524,116.29597659,28.15160165,294.0,5
2525,116.29295567,28.14912745,96.0,5
2526,116.29258028,28.15454888,138.0,5
2527,116.28532708,28.1440761,270.0,5
2528,116.29137396,28.09812284,70.8,5
2529,116.29204873,28.10085742,140.4,5
2530,116.29673006,28.10514766,51.6,5
2531,116.29663351,28.10692721,93.6,5
2532,116.2994506,28.10934575,151.2,5
2533,116.29284074,28.111315,128.4,5
2534,116.2905586,28.11202808,142.79999999999998,5
2535,116.30048984,28.10664663,38.4,5
2536,116.30754489,28.1484322,135.29999999999998,5
2537,116.30827291,28.1515435,120.6,5
2538,116.30688034,28.15533009,124.19999999999999,5
2539,116.30333558,28.15062486,55.5,5
2540,116.30801574,28.15332252,27.6,5
2541,116.30282114,28.15478832,27.6,5
2542,116.30197946,28.09689491,185.4,5
2543,116.29376346,28.09379349,89.4,5
2544,116.29675234,28.0940067,104.4,5
2545,116.30020212,28.08728012,174.6,5
2546,116.3023448,28.08171004,143.4,5
2547,116.29690274,28.08849707,105.6,5
2548,116.30549362,28.08303013,42.6,5
2549,116.2847957,28.08656384,294.9,5
2550,116.28020865,28.08744011,136.79999999999998,5
2551,116.28828833,28.09576063,185.4,5
2552,116.28260899,28.09290898,165.3,5
2553,116.32822458,28.12496587,99.9,5
2554,116.33486322,28.12592791,216.0,5
2555,116.2904966,28.0823909,0.0,5
2556,116.29017499,28.0847581,0.0,5
2557,116.30361595,28.1262791,117.6,5
2558,116.30346626,28.12283477,87.6,5
2559,116.30443009,28.12452233,75.89999999999999,5
2560,116.30412975,28.130281,73.5,5
2561,116.29942772,28.12830158,106.8,5
2562,116.29955678,28.12156363,110.4,5
2563,116.29600029,28.12211808,133.5,5
2564,116.30329417,28.13213706,45.6,5
2565,116.30379257,28.12757996,29.4,5
2566,116.31245028,28.14194253,237.6,5
2567,116.31525643,28.13603324,82.8,5
2568,116.30684982,28.13461011,241.2,5
2569,116.3070642,28.13228201,214.5,5
2570,116.32453224,28.10192758,101.7,5
2571,116.32708047,28.10438366,35.4,5
2572,116.32958611,28.10360273,124.5,5
2573,116.33686752,28.10086289,148.5,5
2574,116.30690753,28.08077449,135.29999999999998,5
2575,116.30842811,28.08355518,78.89999999999999,5
2576,116.31187657,28.08290525,177.9,5
2577,116.3079994,28.08766454,66.89999999999999,5
2578,116.30804172,28.09438556,161.4,5
2579,116.3066177,28.08928574,139.2,5
2580,116.31651177,28.10435635,85.5,5
2581,116.32057033,28.102238,79.5,5
2582,116.31825764,28.09896732,134.4,5
2583,116.31776522,28.09698045,184.5,5
2584,116.31808683,28.09222792,110.4,5
2585,116.31316082,28.09358123,157.79999999999998,5
2586,116.31200378,28.09964145,153.9,5
2587,116.31213211,28.10191292,88.8,5
2588,116.34019214,28.03477605,96.0,5
2589,116.32978442,28.03171743,100.0,5
2590,116.32787875,28.02810276,52.1,5
2591,116.32676507,28.02924155,66.6,5
2592,116.33595205,28.03142153,207.0,5
2593,116.33537093,28.06886758,76.0,5
2594,116.33772686,28.06611727,76.7,5
2595,116.32939571,28.07344263,58.8,5
2596,116.32528402,28.07305284,48.6,5
2597,116.32121526,28.07057993,53.4,5
2598,116.34387478,28.04782975,66.0,5
2600,116.34378955,28.04219488,49.8,5
2601,116.36056147,28.04329378,62.7,5
2602,116.36207202,28.0417762,63.0,5
2603,116.3616115,28.04035623,57.3,5
2604,116.35627695,28.04235336,54.6,5
2605,116.35681308,28.03500285,135.6,5
2606,116.35859106,28.03616505,129.3,5
2607,116.34374683,28.04076485,87.0,5
2608,116.34707753,28.03728295,132.9,5
2609,116.36651388,28.0257818,111.3,5
2610,116.36762277,28.02596978,64.8,5
2611,116.36291958,28.02554527,81.0,5
2612,116.36336947,28.02627873,110.4,5
2613,116.36482639,28.02706288,64.8,5
2614,116.36235161,28.02811782,81.0,5
2615,116.33927226,28.02162092,48.0,5
2616,116.33937954,28.01906304,150.0,5
2617,116.34046047,28.02662021,81.0,5
2618,116.32481672,28.02348608,62.7,5
2619,116.3311986,28.02167407,54.6,5
2620,116.33368243,28.02611198,58.8,5
2621,116.3342931,28.02185764,89.1,5
2622,116.33271899,28.02294999,96.0,5
2623,116.34191686,28.02570818,84.0,5
2624,116.34238869,28.01718654,72.0,5
2625,116.34978834,28.01982106,105.0,5
2626,116.35473627,28.0210442,120.0,5
2627,116.35576414,28.02558939,111.0,5
2628,116.34882359,28.03134118,123.0,5
2629,116.34340506,28.02913441,111.0,5
2630,116.34047098,28.02925346,58.8,5
2631,116.35094432,28.02821175,81.0,5
2632,116.34913446,28.02754235,135.0,5
2633,116.32937605,28.05084956,260.1,5
2634,116.3385843,28.0556996,270.0,5
2635,116.3354359,28.05951224,93.0,5
2636,116.32316508,28.05778382,62.1,5
2637,116.32841156,28.06130584,95.7,5
2638,116.32976431,28.0149604,42.0,5
2639,116.32781546,28.0158641,67.8,5
2640,116.32732318,28.01226512,100.8,5
2641,116.32899373,28.01019665,51.0,5
2642,116.32295426,28.01471763,69.3,5
2643,116.3309045,28.01709445,40.8,5
2644,116.23025295,28.09508007,254.1,5
2645,116.22539754,28.09713973,37.2,5
2646,116.22692247,28.1034829,56.1,5
2647,116.22382837,28.10591267,79.2,5
2648,116.22384974,28.10745546,67.5,5
2649,116.22438812,28.09178105,124.8,5
2650,116.2337762,28.08759927,30.6,5
2651,116.2370084,28.08823053,83.4,5
2652,116.17839904,28.0716603,369.0,5
2653,116.19433693,28.07013619,210.6,5
2654,116.17573277,28.05838008,43.5,5
2655,116.2090199,28.10796819,271.5,5
2656,116.20893498,28.09403501,195.0,5
2657,116.21316836,28.11238415,90.0,5
2658,116.20759968,28.12508644,63.6,5
2659,116.19977904,28.05122574,114.6,5
2660,116.19014458,28.05162621,105.3,5
2661,116.18728374,28.0553333,85.8,5
2662,116.18511102,28.05964745,72.3,5
2663,116.1981438,28.06364706,120.6,5
2664,116.23508732,28.07478608,258.0,5
2665,116.23066242,28.07779404,174.6,5
2666,116.24167048,28.0568741,132.0,5
2667,116.23901876,28.05565633,27.0,5
2668,116.21044193,28.06646815,51.9,5
2669,116.22625806,28.08269469,153.0,5
2670,116.23381936,28.08501013,48.3,5
2671,116.22308973,28.07151999,112.2,5
2672,116.21295656,28.07166012,26.1,5
2673,116.22226193,28.07826975,86.4,5
2674,116.24776595,28.07591669,748.8,5
2675,116.1645052,28.04468423,85.2,5
2676,116.19117849,28.03143597,149.4,5
2677,116.18031576,28.04206214,83.7,5
2678,116.17444314,28.04538483,114.6,5
2679,116.1730874,28.05246602,73.8,5
2680,116.16846362,28.03885757,94.2,5
2681,116.16777596,28.03010452,93.0,5
2682,116.15945113,28.03431346,34.5,5
2683,116.17465955,28.02863039,81.0,5
2684,116.18452619,28.11205467,141.3,5
2685,116.19188238,28.10657832,69.9,5
2686,116.19694708,28.1052902,30.6,5
2687,116.19545318,28.09638077,85.2,5
2688,116.19345261,28.1032872,114.9,5
2689,116.166179,28.09611894,119.7,5
2690,116.17243915,28.08993988,65.7,5
2691,116.17624639,28.09206752,38.7,5
2692,116.17535362,28.09310712,31.5,5
2693,116.1724603,28.09447424,65.7,5
2694,116.17007226,28.09862522,44.7,5
2695,116.17568665,28.09797322,66.6,5
2696,116.1815592,28.09514446,64.2,5
2697,116.19194796,28.09292917,36.3,5
2698,116.21310619,28.08243449,256.8,5
2699,116.15693343,28.04838274,105.6,5
2700,116.14290135,28.03631204,50.1,5
2701,116.1357509,28.05176715,42.9,5
2702,116.13093603,28.04404248,101.7,5
2703,116.12872212,28.04275177,62.4,5
2704,116.12318901,28.02825436,36.9,5
2705,116.13583937,28.02048312,209.7,5
2706,116.15209603,28.02321795,90.6,5
2707,116.14431019,28.03208992,70.8,5
2708,116.13854662,28.04295418,20.7,5
2709,116.14052708,28.01354605,37.2,5
2710,116.14599722,28.04582584,41.4,5
2711,116.1427374,28.07038429,141.9,5
2712,116.14402845,28.05985706,53.7,5
2713,116.14609324,28.05537186,35.1,5
2714,116.154438,28.05377622,39.3,5
2715,116.17224712,28.06989709,25.8,5
2716,116.14977067,28.05623025,34.8,5
2717,116.16011574,28.06224265,123.9,5
2718,116.15772822,28.06179325,34.8,5
2719,116.15876079,28.06018537,91.8,5
2720,116.13480124,28.09875455,120.9,5
2721,116.13957405,28.10175242,33.0,5
2722,116.14677846,28.09277125,39.6,5
2723,116.14815505,28.0899147,96.3,5
2724,116.15299407,28.09054776,130.8,5
2725,116.1579633,28.0811466,114.6,5
2726,116.13275992,28.22201161,13.2,5
2727,116.13731777,28.22084556,75.6,5
2728,116.137501,28.21489918,91.2,5
2729,116.15113515,28.2081323,49.8,5
2730,116.14431795,28.20629615,37.5,5
2731,116.14190995,28.20114859,12.9,5
2732,116.12001536,28.21520487,62.1,5
2733,116.12256178,28.21483379,67.8,5
2734,116.12862178,28.22423753,22.8,5
2735,116.12324855,28.2262169,66.6,5
2736,116.11948825,28.22368934,59.1,5
2737,116.11072268,28.22996962,63.6,5
2738,116.10899384,28.22821051,39.6,5
2739,116.10153244,28.22005935,17.4,5
2740,116.12131495,28.22063744,25.2,5
2741,116.11822187,28.20703915,65.4,5
2742,116.12183169,28.2078933,28.5,5
2743,116.12475415,28.21054361,125.1,5
2744,116.13150364,28.20569152,112.2,5
2745,116.13045058,28.20259827,27.9,5
2746,116.12881793,28.19027485,29.7,5
2747,116.1166766,28.18615865,80.1,5
2748,116.11042488,28.19347427,30.6,5
2749,116.11072475,28.20395166,54.0,5
2750,116.11768548,28.19767764,58.8,5
2751,116.11755682,28.19446241,69.6,5
2752,116.09732742,28.18705938,39.3,5
2753,116.10177111,28.18853494,44.7,5
2754,116.09854974,28.20269074,19.5,5
2755,116.10516269,28.20054533,38.7,5
2756,116.10826626,28.19509975,78.9,5
2757,116.09683302,28.1959487,41.7,5
2758,116.09683511,28.16967566,81.0,5
2759,116.10207276,28.17508623,52.5,5
2760,116.09709283,28.16787845,41.7,5
2761,116.11379891,28.17292508,12.0,5
2762,116.09136197,28.17409382,19.2,5
2763,116.09429087,28.1799004,38.4,5
2764,116.09666213,28.18554627,16.8,5
2765,116.11014679,28.17925051,18.0,5
2766,116.09434466,28.17824526,123.9,5
2767,116.10474634,28.17066025,14.7,5
2768,116.10371521,28.17626884,24.3,5
2769,116.12544473,28.17462822,135.6,5
2770,116.12905567,28.17391347,23.7,5
2771,116.13404287,28.1736171,70.5,5
2772,116.13602059,28.17587088,16.8,5
2773,116.13834267,28.17515536,37.5,5
2774,116.12611635,28.17480393,98.7,5
2775,116.11831094,28.16769771,24.0,5
2776,116.11291882,28.16474258,392.1,5
2777,116.10419954,28.16114417,20.1,5
2778,116.11867731,28.15378283,14.7,5
2779,116.11386493,28.15310756,14.1,5
2780,116.1225779,28.14713551,33.0,5
2781,116.12439315,28.15566132,47.7,5
2782,116.12121274,28.15471217,45.0,5
2783,116.15077132,28.18542739,31.5,5
2784,116.15644966,28.18277037,36.6,5
2785,116.1659142,28.18100029,43.8,5
2786,116.16627955,28.18528523,39.9,5
2787,116.15509404,28.18999324,89.7,5
2788,116.15313637,28.19525711,87.6,5
2789,116.16165464,28.18716806,48.6,5
2790,116.14453514,28.17915613,58.8,5
2791,116.14372878,28.17860629,49.5,5
2792,116.14149241,28.1788298,57.0,5
2793,116.1420196,28.17415828,52.5,5
2794,116.13924592,28.17271641,69.9,5
2795,116.13550524,28.1678209,16.8,5
2796,116.13621463,28.16897587,29.4,5
2797,116.15496717,28.16233728,56.1,5
2798,116.15496689,28.16585616,39.6,5
2799,116.15849464,28.16247605,75.6,5
2800,116.1644744,28.16307357,20.7,5
2801,116.16088176,28.16836406,9.9,5
2802,116.15685929,28.17064577,26.7,5
2803,116.14645015,28.16548214,32.1,5
2804,116.15298978,28.14502133,30.0,5
2805,116.14791506,28.13333686,51.3,5
2806,116.14610754,28.1468073,51.9,5
2807,116.14711818,28.14815241,19.5,5
2808,116.14722497,28.15751843,57.9,5
2809,116.1503867,28.15364506,16.2,5
2810,116.15602185,28.15282241,80.7,5
2811,116.14987315,28.12054628,91.2,5
2812,116.14755115,28.11198699,36.0,5
2813,116.1569075,28.10465861,35.4,5
2814,116.14755072,28.11740991,88.8,5
2815,116.14537863,28.118154,125.4,5
2816,116.18564125,28.1558291,47.1,5
2817,116.18402831,28.15270426,50.7,5
2818,116.17903792,28.15394379,36.6,5
2819,116.17847881,28.15188037,77.7,5
2820,116.17404739,28.15472908,70.5,5
2821,116.17051998,28.14980296,39.0,5
2822,116.17443506,28.14873182,79.8,5
2823,116.17615624,28.14459113,54.75,5
2824,116.16611091,28.14141209,48.3,5
2825,116.17910341,28.14168255,54.3,5
2826,116.18512596,28.14398333,37.5,5
2827,116.18235323,28.11863764,16.8,5
2828,116.1793415,28.12275815,37.2,5
2829,116.1811586,28.12930047,53.4,5
2830,116.18347066,28.13226652,47.4,5
2831,116.17114545,28.12872336,56.4,5
2832,116.19198785,28.1330766,104.7,5
2833,116.17891157,28.11931263,93.0,5
2834,116.17344381,28.17101716,25.8,5
2835,116.16931353,28.17329834,27.9,5
2836,116.17045431,28.16439021,19.5,5
2837,116.17770348,28.16410117,61.5,5
2838,116.17933848,28.16139882,65.1,5
2839,116.17327232,28.16341175,54.0,5
2840,116.17254111,28.16129144,41.1,5
2841,116.2005657,28.16644941,35.4,5
2842,116.20050097,28.16934376,85.8,5
2843,116.19800637,28.1717612,118.5,5
2844,116.19353319,28.17319143,62.4,5
2845,116.18716693,28.17412609,45.0,5
2846,116.18344576,28.17568941,51.9,5
2847,116.18110114,28.17634716,32.1,5
2848,116.17769179,28.17606651,24.6,5
2849,116.17910085,28.17438557,58.2,5
2850,116.18759756,28.16830032,203.1,5
2851,116.19151151,28.17390678,83.1,5
2852,116.21103711,28.15335342,27.9,5
2853,116.20811359,28.1516087,78.6,5
2854,116.20828524,28.15592287,47.1,5
2855,116.20678017,28.15803979,35.1,5
2856,116.20880074,28.16186438,87.6,5
2857,116.20385595,28.16062748,51.9,5
2858,116.20142609,28.16274271,135.9,5
2859,116.20989824,28.14737274,114.9,5
2860,116.2032126,28.13896141,91.5,5
2861,116.19908406,28.13974974,34.2,5
2862,116.19555598,28.15707627,34.35,5
2863,116.20435124,28.1507518,67.5,5
2864,116.20321181,28.149085,72.9,5
2865,116.19952368,28.1551529,111.0,5
