id,lng,lat
第二工业园中转站,116.272100203495,27.8941244566524
东溪-邓家,116.281725957609,27.8590114336765
梓溪-赵家,116.285077618112,27.8542390958856
上阳-洲上,116.279265521346,27.8514260472752
上阳-下阳,116.279797965538,27.8482506994984
上阳-上阳,116.282581408375,27.8455505375058
上阳-余家,116.286214185898,27.8429574129748
吴家店-来头岗,116.282690925271,27.8368963646343
吴家店-吴家店,116.278279918706,27.840496866968
吴家店-炉下,116.275266347727,27.834823771934
洪坊-洪坊,116.273986539919,27.8253013362274
洪坊-吴家,116.277048482621,27.8268025187863
邱坊-马岭,116.295527637447,27.8336564287015
邱坊-茂源,116.298231919618,27.8248525130656
邱坊-彭源,116.316370235529,27.8168029261163
大路-许坊陂,116.315913392058,27.8384151861586
大路-撮斗科,116.310056319775,27.8430367177967
大路-黄司,116.301364415457,27.8411765431567
大路-团溪桥,116.305205768458,27.8500807515977
大路-大路,116.308840055403,27.8550042529839
梓溪-皱家,116.292093521774,27.8622135607512
梓溪-吴家,116.288947765752,27.863307266283
罗田-许家,116.287460127692,27.8776330373541
李家-周家,116.291615017998,27.873874427804
李家-中李,116.295634071077,27.8741321173571
李家-上李,116.297805667601,27.8714749839009
大升-榨下,116.302615854499,27.8770418694751
大升-谢家,116.307472038353,27.8763051362802
大路-山头铺,116.306261109449,27.8625984555402
梓溪-油榨下,116.294083697971,27.8661666950906
梓溪-吴金,116.287961015338,27.8645519475528
博溪-乌石,116.287304687586,27.8094391079742
头昌-李针,116.32259623388,27.8514290068277
金房-金房,116.323736851806,27.8626908222778
头昌-大桥,116.325683878411,27.8590248921793
头昌-鲍家,116.328987847473,27.8566116256929
头昌-下坡,116.332398213071,27.8547060894835
头昌-北坑,116.340977531177,27.8538891751509
舍头-廖家,116.34404737876,27.866761189506
舍头-舍头,116.331849097552,27.8787795171799
金房-丰塅,116.326018188469,27.8689048275043
金房-朱司,116.321111707683,27.8702258193805
金房-石塘,116.318041651859,27.8759007883342
曾家油榨下,116.317653292922,27.8800286224729
后坊-全坊,116.309902179028,27.8890666550269
后坊-前刘,116.311042389348,27.8916258967741
黄湾-下黄,116.302159472627,27.889186205405
黄湾-上黄,116.301978425208,27.8858035146899
大升-老余,116.300021125835,27.8828600157058
大升-黄邓,116.29925755526,27.8819205631476
大升-肖家,116.297117701704,27.8795721594061
大升-新余,116.296633379593,27.8814734466943
下庄-杨家,116.293514753664,27.885101755181
石鼓-杨铁,116.308219205265,27.9095768781166
石鼓-石鼓,116.311291000768,27.9080220298702
下城-颜坊,116.31820760754,27.9037928781325
下城-江家,116.3284184475,27.9049857518657
下城-吴家,116.328545362148,27.907239942533
下城-娄家,116.328144382436,27.9098242099098
下城-源头,116.340062355225,27.9103959324359
东殿-程家合,116.333909026982,27.9206868107362
东殿-胡家,116.331257675829,27.9193067155982
城上-城上范家,116.326325845802,27.9204685161152
城上-邱家,116.325656634836,27.9156498211746
城上-城上周家,116.323334991042,27.9160438720559
城上-角上饶家,116.321372022085,27.9186513931321
山头-韩家,116.319715286916,27.922514988429
城上-白马庙饶家,116.325127131927,27.925530536175
东殿-石狮口,116.330509139316,27.9299992882571
笠上-上周,116.331003833327,27.9316609477468
东殿-东殿,116.334872511512,27.9293163024692
东殿-王家仓,116.338107995159,27.9342726223092
笠上-南山,116.3378449745,27.9394171605393
笠上-浮堆,116.329776381414,27.9375357634891
笠上-胥郭,116.330438309571,27.9355691701746
笠上-玔口,116.328570512412,27.9352259418973
笠上-笠上,116.324521447791,27.9326117778564
笠上-杏玔,116.319802274588,27.9362862733446
笠上-陂头,116.316537456385,27.933207783424
山头-刘邓邹家、翁家桥,116.313490208097,27.9262865215653
山头-吴家,116.31302837667,27.9236123220969
石鼓-尧家,116.313740271545,27.9156279427572
石鼓-杨家,116.309177336898,27.9157932313674
山头-涂家,116.308019288219,27.9227793958072
林源-林源,116.303233851238,27.9212034085812
园石-黄司,116.288638905416,27.8994114327138
仓下-黄舍,116.284407480404,27.9207070993236
仓下-欧阳,116.289980612494,27.9228356480297
仓下-述溪,116.291634508769,27.9228192785346
林源-新庄,116.298091665307,27.9281104191447
林源-洲上黄家,116.297040710132,27.9226659228475
林源-排上黄家,116.299042376232,27.921066871152
林源-庙下黄家,116.298274576517,27.9193311486689
林源-港下范家,116.294904168876,27.9186703458385
林源-华家,116.295063212375,27.91500551936
林源-罗坊,116.29493012956,27.9136368788362
仓下-吕坊,116.294282009066,27.9060869146587
黄湾-洲上,116.299942918106,27.9016054250872
黄湾-窑上,116.302994618293,27.9009120142205
石鼓-吴艾柳湾,116.30357800942,27.9042122370562
后坊-李家园,116.308018888804,27.8999063985809
石鼓-上舍,116.312745661437,27.9026025339809
后坊-华家,116.314631316093,27.902597053264
皱家-皱家,116.327539124688,27.9013967367582
安全-邹家,116.330227057441,27.9016630348324
下舍-下全,116.345321387394,27.9024423232903
下舍-上全,116.343497267905,27.8892680336257
下舍-荣斯桥,116.348628375238,27.8856811863026
舍头-封家,116.343716609438,27.8773854137201
下舍-章家,116.341793868305,27.8807401861057
下舍-下舍,116.340205070651,27.8896857662039
连城-胡头,116.322589269256,27.896349055008
后坊-背刘,116.311978312563,27.8934582670252
黄湾-黄铁湾,116.302231080286,27.8942577392199
下庄-下庄,116.293856677444,27.8887216614885
下庄-古罗坪,116.290484752422,27.8864925539762
罗田-榨下,116.286632342598,27.8840822869987
刘家-刘家,116.252279948807,27.9296251554034
乐家-巷口,116.261615621199,27.9320885257354
乐家-里阮,116.26263034902,27.9334333980624
乐家-阮家,116.259970024491,27.9357085834199
乐家-乐家、姚家,116.261508374021,27.9366840017917
乐家-胡家,116.267449813952,27.9368493975556
乐家-桥头,116.272432816761,27.9366437034537
东梁-黄家,116.273054808453,27.9438838444973
梁宪-尧官城,116.27674892814,27.9477802440559
东梁-东梁,116.272233947065,27.9493624715646
东梁-下屋,116.269014932245,27.949233778673
东梁-上屋,116.266085531314,27.9484306055096
西廨-朱家,116.266884697728,27.9435329738635
西廨-邱家,116.259396268392,27.9469880080163
西廨-西家渡,116.259619633838,27.9451056617266
西廨-上屋吴,116.260259882064,27.9434583245845
西廨-桥头吴、段里吴,116.260120313631,27.9413703725365
乐家-彭家,116.25851768579,27.9401753683605
刘家-徐程,116.252477224617,27.9382184996144
刘家-新居上,116.248521975182,27.9391154632772
祝坊-朱皮,116.24812784813,27.9434860605511
祝坊-磨下,116.24843378274,27.9520763026336
西廨-郑家、郭家,116.260213724012,27.954889578324
杨家-上杨,116.263822857973,27.9586924542481
杨家-九房,116.263648084483,27.9602867083944
杨家-七房,116.265538600537,27.9593893059131
杨家-前下杨,116.267272266255,27.9616918504671
杨家-背下杨,116.268179723012,27.9605113024313
东梁-付家,116.270408117203,27.9535854520845
东梁-梁道,116.271840811637,27.9530450277946
梁宪-祝家,116.275534680807,27.9560538433437
梁宪-梁宪,116.279354408811,27.9525875461279
梁宪-付家,116.283660969372,27.9503324279454
梁宪-陈家山,116.282672507112,27.946784062933
丁家-大路丁家,116.282177345614,27.9416443744108
丁家-塘城丁家,116.285232949755,27.9407327392865
丁家-熊家,116.289450154595,27.9400464447164
河西街-李家,116.296478106794,27.9434824497082
河西街-河西街,116.297940357556,27.9426150396968
河西街-黎家,116.295982433317,27.9394960905615
河西街-罗家,116.297143493335,27.9373620239315
河西街-下黄,116.293531473009,27.935619052973
丁家-黄锡村,116.282594737466,27.9346977139736
仓下-阮家,116.274001951563,27.9281403531111
仓下-杉岭,116.267859515109,27.9245708402313
仓下-詹司,116.266110687476,27.9186666157506
仓下-七里源,116.259427272098,27.9074037343582
仓下-仓下,116.262811808854,27.9150378355218
塘湾-下程,116.251941014315,27.9234862132247
塘湾-中程,116.247784389631,27.923879192235
塘湾-胡家,116.24604594968,27.9186473540016
塘湾-戈家,116.244403193633,27.9145558980849
曾家-吴家,116.242007998161,27.9145223200064
曾家-刘家,116.240400037598,27.9186347204534
曾家-曾家,116.235072060676,27.9160691217892
曾家-詹家,116.230296431712,27.9129089278689
曾家-万家,116.229797326752,27.9198979799782
曾家-杨树湖,116.233783154595,27.9207138295605
曾家-戴家,116.236876650211,27.9223787193536
官田-张家,116.229018958349,27.9285707758777
官田-潘黄,116.231065387921,27.9319950671819
官田-熊司,116.226801299113,27.9348366973522
官田-岗上,116.23768449515,27.9412309444005
林源-招塘,116.300295695667,27.9323700120747
园石-园石,116.281183710393,27.8872458222117
园石-上章,116.28147994952,27.8840374100358
罗田-花家,116.287309463363,27.8805162608355
罗田-曾家,116.285153103521,27.8803830675893
东溪-詹家洲,116.278679744364,27.8734982767123
东溪-东溪洲,116.279019957261,27.8660259329944
棠溪-棠铺涵,116.269207322925,27.866051738635
棠溪-瓦脊上,116.267187900342,27.8683788150345
棠溪-里黄,116.264655923666,27.8712358586164
棠溪-章家,116.27034272083,27.8710003816139
罗湖中转站,116.387044297433,28.0760034586628
新积-老街区,116.416387267613,28.0832711518679
新积-新街区,116.418235511745,28.0817332527824
里士,116.421516215111,28.0807619148734
何家-山赛山,116.433617001351,28.086154715714
何家-郑家,116.437137205359,28.0825874414884
何家-吴城桥,116.434159888871,28.079460023557
何家-何家,116.434156336213,28.0755778181595
何家-黄山,116.432363776761,28.0707807766773
樟溪-樟溪,116.425272853686,28.0662403190706
雷溪-下塘组,116.437090730364,28.0643889288519
雷溪-雷溪,116.438639471756,28.0688112300857
宋家-汪洋,116.448158805358,28.0711409858383
宋家-前宋,116.446526599363,28.0767812033589
宋家-后宋,116.445603613711,28.0802615902202
黄铁-西源三、四组,116.452914040237,28.080592965895
黄铁-西源-一、二组,116.451399240862,28.0831494809746
黄铁-源头五组,116.456160750008,28.0894205502072
何坊-沙坑组,116.463446273537,28.0896586147637
牙背-牙背一组,116.475180294124,28.1101358529716
牙背-胡家一、二组,116.469705853548,28.1137210484589
牙背-李家湾村,116.469233793135,28.1118080483193
何坊-下陈,116.461587123823,28.100221741346
何坊-上陈,116.46131589541,28.0968529237303
黄铁-前、后洪,116.450329984821,28.0901703173346
黄铁-杨家组,116.446001561111,28.0903864141473
黄铁-上徐组,116.441502345773,28.0944104664099
墩上-墩上,116.42553086304,28.0904858812191
新积-上章,116.416401900814,28.0871057508124
艻口-阮家村,116.37208056354,28.0460644803328
艻口-刘邱村,116.373587603719,28.0445766855513
艻口-上张村,116.373129125179,28.0431481228347
艻口-下张,116.367807279591,28.045043959804
艻口-湖西,116.368346693542,28.0377054298922
艻口-湖东村,116.370119460103,28.0389002315823
庙东-渡口村,116.384204407605,28.0332728440352
下璜-周家,116.379133976692,28.0288846505189
下璜-王家,116.378028592252,28.0286750956853
下璜-李家2组,116.37634495265,28.0299225120286
下璜-饶家,116.374893033593,28.0291099712249
下璜-汤家,116.374445126917,28.0283679506701
下璜-李家3组,116.37387641871,28.0309283693979
中洲-杨家村,116.367308238281,28.0282765166597
中洲-周龙村,116.366286836896,28.0237150101982
中洲-赵家口,116.361348448302,28.0224130440803
下李-徐李村,116.353955190814,28.0196925693592
下李-下李4组,116.350942560393,28.021546160582
下李-下李3组,116.350832811111,28.0241024052911
下李-胡家,116.345845686782,28.02432133652
下李-姜家,116.345229689764,28.0285734674058
下李-陈家,116.342743608043,28.024138727833
严家-廖家,116.342452845397,28.0195614412924
严家-狮子山6组,116.339354770612,28.0183422281685
严家-严家,116.341311017283,28.0174311149211
严家-破港村,116.340541641432,28.0126717259768
严家-肖家桥,116.338863645419,28.0147470717973
严家-狮子山7组,116.334474590679,28.0172299542485
下李-颜家,116.33271899,28.02294999
下李-何家渡,116.336337306539,28.025979743265
斗门-上杨,116.339407053201,28.0305758312704
斗门-廖家,116.338288215062,28.0317200847519
斗门-陈家、胥家,116.341316027504,28.0341816413814
斗门-下李、廖家,116.347499163602,28.0338848344367
斗门-喻家,116.351741867268,28.0372584016191
中洲-西邓村,116.352025475481,28.0317397256324
下李-龚张村6组,116.352017341368,28.0291074077008
下李-龚张7组,116.353475336642,28.0282068771598
中洲-后游邓,116.354960696205,28.0316451273298
中洲-头门村,116.360688179969,28.0301219773893
中洲-燕尾村,116.362495034477,28.0308177061826
中洲-黄家口,116.360374311654,28.0339150392206
艻口-上殷,116.358625327483,28.0398316527601
艻口-下殷,116.355293887785,28.0432749655544
畲塘-汤家,116.355335884131,28.0447050196483
畲塘-韩家,116.355419193561,28.0503393977543
蝉塘-廖家,116.387633485957,28.0882836163
罗湖-章家,116.379173526622,28.0906580563226
罗湖-何家,116.377145248056,28.0918990966902
下饶-下饶,116.37014266217,28.0972447145391
下饶-东甘,116.367782639102,28.0989371903924
支村-陈孟,116.372508404041,28.1037708652417
罗溪-罗家渡,116.380127182024,28.1094563799285
罗溪-栎壤,116.388356256096,28.1151778730596
山背-八、九组,116.388350139557,28.13179285568
山背-一、二、三组,116.38621090967,28.1336328621811
山背-五、七组,116.383434284344,28.1313541132903
山背-六组,116.384236864515,28.1296270190374
支村-傅坊,116.366324027867,28.1080007477382
支村-支村,116.363223859297,28.107954442153
支村-邱黄,116.359202260244,28.10820628723
下饶-黎家,116.362514156307,28.1009685388772
下饶-西甘,116.364432008573,28.0991356155474
下饶-枧头,116.364518827,28.0943892969166
观前-下易河湖,116.354848483172,28.0961621255777
官庄-官庄,116.354286297522,28.0905154126321
华溪-袁家,116.361211260138,28.0908122986585
华溪-万家,116.364470333798,28.0884903003402
许家村-七-十组,116.374122307457,28.0811637681238
许家村-三组,116.375988098879,28.0830442506313
华溪-喻家蔡家,116.365753122343,28.0778010647063
华溪-章杨,116.361852270133,28.0794587839883
岗上-冷水,116.35557264681,28.0812086982525
烟墩-烟墩,116.348510388341,28.0804528255134
铁堡-下邹,116.3434356707,28.0811943243509
烟墩-岗上,116.343194016581,28.086421669709
铁堡-田塅,116.33819368398,28.0817529193535
铁堡-院下,116.336439913102,28.0803664413974
畲塘-潘家,116.340928310141,28.0759022466537
畲塘-汪家,116.336800971373,28.075534059415
畲塘-饶家,116.332711530082,28.0730962957679
龙湾-刘家,116.339931644753,28.0637688215249
龙湾-张家,116.334662574823,28.0602815984107
龙湾-辛家,116.34089697572,28.0533098027173
龙湾-何家,116.350126022744,28.0581674530916
龙湾-饶家,116.346974087435,28.061967918257
畲塘-付家,116.349272489246,28.0685806024058
畲塘-上姜村,116.346914886119,28.0713231555665
邹杨-游家,116.352706671199,28.074484624156
邹杨-邹家,116.355278714536,28.0761310909214
邹杨-吴家,116.358146594651,28.0749788166815
邹杨-王家,116.356662628435,28.0731177823981
永丰-游家,116.357316381277,28.0664531925006
永丰-外朱,116.358791625579,28.0629271676512
永丰-黎章吴,116.357977401963,28.0598790295136
沙溪-沙溪,116.364256020909,28.0594185041117
沙溪-东洲黄家,116.36818222654,28.0681914542979
沙溪-东洲徐家,116.366654834854,28.0694543244637
双林-廖打渔,116.37980141719,28.0710745951463
双林-阮家,116.375333403713,28.0739518736746
双林-尧家,116.370654280342,28.0736025123506
双林-下顾,116.372148220332,28.0714321858156
双林-上顾,116.374679270286,28.0706163546522
沙溪-詹吴,116.371619456147,28.0613290424792
良溪-苏家,116.37681137818,28.0628247609217
良溪-下徐,116.380443573168,28.06379045939
良溪-上徐,116.388190123106,28.0620734439994
丁村-一-三组,116.395796160768,28.0484769003992
南头-二、七-九组,116.393321334992,28.043579048156
沿岗村-沿岗,116.405173784515,28.0439176827589
白米-南岗,116.414081454604,28.0535293937461
白米-白米坑,116.404451250005,28.0576647654962
白米-胡家岭,116.399864250192,28.0609035330526
舍前-雷坊庙,116.40815753915,28.0703722630791
中华-廖家,116.408167048516,28.0814886763128
塘头-一-七组,116.412305111573,28.0853179209684
中华-冯家,116.403944502456,28.0857480322546
中华-何家,116.397913196492,28.0871938854611
中华-李家,116.401283596264,28.0832860980586
舍前-北邓,116.402253518336,28.0777228066822
舍前-章家,116.399060345088,28.0775350319751
舍前-南邓,116.400256322366,28.0730354559888
舍前-周溪,116.393479277767,28.0730235867899
嵩湖中转站,116.485585033748,27.9125637554831
嵩湖-下熊,116.479454366104,27.9086704976173
官家-下罗,116.475726586934,27.907703751747
嵩湖-杜下谢,116.476190537704,27.9151015163787
上聂-饶徐,116.469301219667,27.9141878953198
嵩湖-圳上熊家,116.471009462507,27.9113137668369
上聂-李家,116.46757273902,27.9107281836182
上聂-陈坊,116.466761175487,27.9133139811983
上聂-张家,116.464698276606,27.9161593236701
上聂-上聂,116.46658378174,27.9201008363703
上聂-榨下,116.471045848725,27.9185937714906
上聂-苪坊张,116.472854950302,27.9206869302873
上聂-苪家,116.47215772979,27.9222389505478
上聂-泗溪湖,116.467952668518,27.9271540178279
上聂-下聂,116.462072067859,27.9253048740902
上聂-王家,116.458338140647,27.9207516372021
曹家-饶家,116.441592327585,27.9153725329927
曹家-麻岭杨家,116.448059611121,27.910507772243
曹家-麻岭范家,116.451639504025,27.9045427440116
曹家-溪陈家,116.455215214909,27.9006715972483
曹家-熊家,116.457424441807,27.9011439262689
曹家-曹家,116.462305304814,27.9038434498597
曹家-危家,116.462524154755,27.8997472974933
曹家-杨窑,116.463818056866,27.8937135002248
下泽-大源饶家,116.442907699234,27.8915177065339
下泽-大源全付,116.444502939796,27.8902391396264
下泽-上泽,116.454196788023,27.8781159403514
站上-傅坊周家,116.458875833944,27.8721060961781
站上-西溪张家,116.463331533972,27.870670986897
站上-官峰邹家,116.464802658141,27.8750859975154
站上-港西饶家,116.465404369111,27.879811926515
下泽-下泽,116.463163264171,27.8826409070115
陈油-杨林桥,116.470208169944,27.8817307562074
官家-前排,116.471800030381,27.8912575908355
官家-叶家,116.476663851596,27.8945420945446
官家-何家,116.469333459174,27.9003530357602
官家-谢坊,116.471884703849,27.9017894391876
官家-官家,116.473116594031,27.9044616413157
官家-周家,116.475997668557,27.9043408471407
官家-上罗,116.478641535059,27.9016591713711
官家-田南吴家,116.481939740928,27.9011359161664
范家-南郑,116.486687804721,27.9000300602303
范家-楼上郑,116.487689771699,27.9027196847468
范家-塅上郑家,116.490936221638,27.9038586671968
范家-汤家岭,116.496455045343,27.9012191319294
陈油-饶米信,116.494899087213,27.8938020433473
陈油-付家,116.484895448142,27.8963522701538
陈油-米山张家,116.482738674902,27.8914986826884
陈油-陈油,116.482556293839,27.8868358616951
陈油-廖坊董家,116.4819113952,27.8791758535155
廖家-廖家,116.482093432896,27.8774759056836
陈油-新村黄家,116.481713121255,27.8725232743026
玉湖-夏家,116.480383049238,27.8684882904698
玉湖-下渡,116.472010443248,27.865811157108
站上-姜坊李家,116.46428245429,27.8589971789255
站上-彭坊全家,116.458605690618,27.8539472932865
站上-乌溪杨家,116.453070993853,27.8590143775217
站上-乌溪周家,116.450289940626,27.8625686211135
白竹-铁炉塘熊家,116.436748908515,27.8586227516568
白竹-梳桩田吴家,116.433721942639,27.847007456587
白竹-新张,116.426602765989,27.8451343202791
白竹-北溪黄家,116.419404755647,27.8441573954714
白竹-北溪潘家,116.423998950101,27.8398054187301
下张-墩后黄家,116.427019063763,27.8284253728406
下张-墩后周家,116.431586488105,27.8282342506842
下张-古塘邓家,116.426110779031,27.8190257477203
下张-塅上钱家,116.424947622836,27.8151338194151
下张-河上,116.430763873099,27.8161395698399
下张-港南,116.438177509843,27.8194983644742
下张-湖上封家,116.440895504897,27.8266618851248
下张-吴里,116.442450916677,27.8325564004488
下张-饶家,116.452054260621,27.8299423606602
下张-古港,116.44722857946,27.8249615637109
下张-下张,116.445136129267,27.8188753404425
下张-山东李家,116.452480119488,27.8204471185525
下张-山东朱家,116.457427247874,27.818383916979
下张-茶园龚家,116.458460411421,27.823006727515
东馆-塅上陈游,116.47491630183,27.8357196728391
东馆-梦桥郄,116.467711463797,27.8362140378881
站上-吕桥,116.464064562979,27.8370718966466
站上-站上,116.460405081064,27.8403899024351
站上-白坊,116.461387607106,27.8458125072153
玉湖-王家,116.475909165778,27.8536746443657
刘村-小羊坊,116.507035831975,27.8502763387102
刘村-上黄,116.515640861998,27.8520900817417
刘村-嵩源危家,116.511992878458,27.8533484439917
刘村-上龙邓家,116.507006611151,27.8584624928609
刘村-下溪邓家,116.500458303772,27.8646556159967
加升-南门高家,116.521767821212,27.884499333882
加升-李家,116.525968271776,27.8896490081383
加升-吴家,116.519354362289,27.8894356955099
加升-颜家,116.52056214217,27.8933304738565
加升-枫树下,116.517559474483,27.8974434120628
加升-朱家桥,116.519056701846,27.8996921126281
江下-花园李家,116.521752792914,27.9036511110133
范家-李家坑,116.514634691231,27.9106116987215
范家-秤砣山丁家,116.510178315565,27.9182795855417
范家-加湖汪家,116.502930309358,27.9163470443493
范家-加湖谢家,116.503756762211,27.9147829925933
范家-徐家岭,116.495857641508,27.9071398727412
范家-范家,116.491206608702,27.911974955008
嵩湖-上谢,116.486655542824,27.910883784284
江下-上栎坪,116.520524793435,27.9099203876327
江下-下栎坪2,116.521655159673,27.9102792741364
江下-下栎坪1,116.521655159673,27.9102792741364
江下-汤家,116.532651390584,27.9073969909301
江下-龙家,116.527500174362,27.9045710054125
江下-江上,116.528575556712,27.9024838037258
加升-东坑傅家,116.529102983683,27.8916932659163
加升-彭坊,116.530866674229,27.8815416855308
厚源-厚源1,116.534589415625,27.8606327045036
厚源-厚源2组,116.538351643105,27.859184661885
饶家-饶家村,116.54937169977,27.8731913466537
饶家-饶家3、4组,116.550029060076,27.8767937649403
付家-瑶上封家,116.57087403763,27.875690427533
付家-瑶千谢家,116.566794377827,27.8833586954723
付家-外陈坊,116.567074114791,27.896416989823
付家-傅家1,116.558086245343,27.9004174240957
付家-南门谢家,116.557588123613,27.9023821349517
付家-阮家,116.554477252379,27.9097947015791
付家-吴山岭,116.550556721791,27.9083857745478
付家-湖上孙家,116.545754041636,27.9110478615697
江下-金店汪家,116.542020177735,27.9162915286144
江下-上丁家,116.533546207064,27.9153158808507
江下-孙家,116.528563485417,27.9145794206232
廖家-下丁,116.52802529412,27.9162486808957
江下-石上丁家,116.517260518754,27.9147579240852
唱凯中转站,116.313324330542,28.1209760513841
周坊-双溪,116.34375500326901,28.1822619637567
周坊-七都,116.344508691353,28.1870839367802
玔上-长岗胡家,116.342222377046,28.200956759825395
玔上-岭前,116.327386068979,28.1965123294281
玔上-游家圈,116.32475267545,28.1965543746668
玔上-周家,116.32343742431001,28.2012110137838
玔上-尧家,116.32547583038799,28.2036172769073
玔上-汤家,116.32686381889401,28.2022048292384
玔上-吴家,116.331151024324,28.2042520576607
洋坊-二-六组,116.328170826171,28.2173828427918
韩梅-韩家,116.34327319985701,28.215739588558503
韩梅-梅喻,116.347325970418,28.2173941690473
韩梅-王家,116.35213359411199,28.2237343145439
韩梅-界岭,116.359651189324,28.2265496776301
洋坊-东塘,116.34385539190399,28.227183839731698
梅坊-杨坊,116.330585389942,28.2504436726847
梅坊-四位,116.319861427264,28.2433494696946
梅坊-八位,116.326154451999,28.2382325604868
梅坊-藕坊,116.320034552808,28.2307367777984
游源-上万,116.304525095278,28.2202165460115
游源-中万,116.306807830652,28.2198127063659
游源-下万,116.307765183168,28.2182086328633
游源-下午,116.306934019094,28.2161132695944
游源-上午,116.304350722022,28.2175997530888
甘坡-林头垄,116.293100971918,28.2084435493534
龚何-何家,116.292443896684,28.1956507585589
甘坡-金谭坡,116.305885982719,28.2017448677529
甘坡-王头都,116.312100444872,28.2003071971111
甘坡-五里墩,116.315495794573,28.201229784275
甘坡-下付,116.30989980815,28.1975269957196
甘坡-上付,116.312204401539,28.1962193544042
云山-老街,116.310546370946,28.1795922404551
东湖-西阳,116.304301756514,28.1520574103427
东湖-东阳王家,116.307336287805,28.1544884954585
东湖-下阳,116.303919963365,28.1574822101958
石洋-上坊,116.292388547749,28.1590863137541
石洋-田塅万家,116.283766994605,28.1632045863716
石洋-下坊,116.29297776983,28.1613195894981
杨泗-坪上,116.300490922969,28.1665600802222
杨泗-东坑,116.299079064824,28.1744266102779
杨泗-杨泗,116.294853072366,28.1729158578838
杨泗-松溪,116.294691636057,28.1742790453216
龚家-外廖家,116.279262714403,28.1832724249211
龚家-廖家,116.279381468639,28.1854958987645
龚家-龚家,116.280710952039,28.1875184551274
龚家-新居,116.285675759942,28.1892455527775
大源-大源村,116.272631179409,28.2039512029381
大源-蔡家,116.264879684794,28.2034033430741
库前-库前,116.256756296691,28.198785714246
库前-王坑,116.254598788765,28.1927781258741
库前-灌坑,116.24601372567,28.1922329853429
库前-琵琶山,116.252472952611,28.1837070366211
长湖-梅渡周家,116.264189809953,28.1551559946713
长湖-下施家,116.269781183144,28.1538999398245
长湖-龚家,116.273976275349,28.151654610218
长湖-下周华,116.275028022939,28.1486298003793
长湖-桥头魏家,116.272780060536,28.1495694461158
新徐-胡玉玺,116.268303677516,28.1452431830586
新徐-上施,116.268712009102,28.1431872420149
新徐-周石灰,116.269611926632,28.1413651917044
长湖-上周华,116.278950614974,28.1446818149015
石洋-和尚芜周家,116.280026967201,28.1501557160888
石洋-北岸徐家,116.285880724416,28.1497209494392
东湖-泉湖刘,116.296645402136,28.1470902722897
白水-付英,116.326745305252,28.1386200292596
花洲-花田,116.338985998144,28.1421553409751
南光-周家,116.340220098536,28.1547265641265
南光-鄢家,116.344559564929,28.1537730564189
南光-邓坊,116.351568683666,28.1598737714977
骆仙-梅盛坑,116.355523123304,28.1656026099409
肖坊-陈家巷,116.363629724073,28.162281298999
科溪-观前,116.37973627531,28.1556926783461
肖坊-炉铁,116.369989757779,28.1610491884134
肖坊-肖家,116.366279163242,28.1650545104243
骆仙-骆仙,116.366522003413,28.1761240914294
骆仙-玗上,116.37006104923,28.1847331517287
周坊-上周坊,116.356280107805,28.1893393735549
骆仙-骆源,116.355333151988,28.174529277781
南光-罗家,116.337592836679,28.1607698034443
欧湖-上高,116.335201549319,28.1682445556491
水田-下高,116.334393781158,28.1717902786358
水田-水田,116.328441734207,28.1758867476476
欧湖-庙家,116.322470445505,28.1689750759987
欧湖-欧湖新村,116.317691953583,28.1680766553867
欧湖-株山,116.32230457756,28.1663061493825
鄢坊-周古岭,116.327453384641,28.1663586749953
鄢坊-潘家,116.327101824118,28.1601788002884
鄢坊-黄家,116.331161181159,28.1594962889527
鄢坊-四房,116.331120234517,28.1568865237046
鄢坊-军湖,116.329711808395,28.1549668768766
鄢坊-鄢家,116.327394654355,28.1575450842451
蔡家-下蔡,116.319705900588,28.1542321769407
蔡家-胡家,116.319445681915,28.1560148810839
蔡家-刘家,116.318301728501,28.158040536861
蔡家-鄢家,116.314218007168,28.1575661349623
蔡家-胡家山,116.314738977606,28.1533953579394
蔡家-罗家、上蔡,116.318976119675,28.1511337142775
白水-娄下,116.323917395676,28.1445682815858
白水-许家,116.318289387143,28.1373274367652
张家-樟坊,116.265949095001,28.1189255457786
张家-刘万徐,116.258618199878,28.1246645750538
张家-老付,116.260260990476,28.1288383599282
张家-新付,116.25827481453,28.127704859485
张家-流坊,116.255604729193,28.1271450396158
栎坪-塅上,116.252654825537,28.1298445330895
栎坪-刘仲坊,116.249618421617,28.1329603535373
栎坪-栎坪,116.247250143276,28.1271687776659
栎坪-西陈,116.249154361077,28.1225831583898
栎坪-东陈,116.252038461356,28.1239959581044
栎坪-庙前,116.252830302634,28.119695413537
栎坪-下仓,116.251580701298,28.1178562453693
栎坪-上仓,116.252104262354,28.1157647376657
许渡-桥湖,116.248513729036,28.1107718173684
栎坪-二前村徐家,116.247937381228,28.1154941683652
许渡-前周,116.241544500649,28.1159859612947
许渡-许家渡,116.240474709125,28.1181963518657
许渡-周老君,116.242527756689,28.1207256577923
许渡-姜饶,116.239104970456,28.1199687959792
许渡-胡家,116.238280463727,28.1219847834633
许渡-陈家巷,116.241691550625,28.1259563728307
湖西-湖西,116.233019541013,28.1292545811657
湖西-蛇湖,116.230793126565,28.139185679968
湖西-洲上,116.231911703405,28.1459347747924
湖西-付家,116.23270968607,28.1408881884365
湖西-楞上,116.237157583347,28.1369828178316
湖西-鞠家,116.240092104714,28.1341812964835
河湖-徐家,116.246492957374,28.1387547655685
河湖-邱家,116.246428292624,28.1393118323598
河湖-西湖,116.247238636155,28.1412828314465
河湖-河湖,116.251063011868,28.1421989643366
胡家-胡家,116.263824034036,28.1357879458463
张家-张家,116.264555644195,28.1292727205074
罗针-拓湖,116.280018165575,28.1179060281562
罗针-罗针街,116.274556294891,28.1233861180449
罗针-张泉,116.277136010282,28.1231839100342
罗针-前东湖,116.281848372463,28.1254380107457
罗针-后东湖,116.280984519469,28.1276809551678
新徐-吴前城,116.278780655524,28.1313144936216
新徐-新徐,116.270793021243,28.13623560793
何栗-何栗,116.255010771047,28.146904766861
何栗-下姜,116.251889640487,28.1487872865321
城前-上游,116.247822399126,28.156293247597
城前-城前,116.246228129339,28.1585185499591
新徐-岭上,116.277148241882,28.1370627680682
丁湖一-七组,116.282484407415,28.1357525537269
北保-炉下,116.291996458514,28.1298705827646
花洲-嵇家,116.323071826879,28.1242064248804
花洲-付家,116.325356344836,28.1221433630496
花洲-许家,116.332499627041,28.1320877267889
万年-垱头,116.339782744373,28.1274307508843
艾巷-钟家,116.339430691358,28.1218224108447
万年-邓家,116.346439340597,28.1283832459347
科溪-杨铁坑,116.37172622534,28.1433740353043
科溪-科坑,116.38111409342,28.1450391112089
科溪-上李、骆家、西黄,116.376866369446,28.1413013938312
龙岗村-六-十组,116.366218693035,28.1370286469019
龙岗村-一-五组,116.363794945494,28.1337001122904
艾巷-仓下,116.349671570344,28.1184150653802
艾巷-周博巷,116.346218117719,28.114748425185
艾巷-颜家,116.344404417845,28.1150913511812
艾巷-艾家巷,116.341881066549,28.1139356385277
艾巷-胡仕,116.339237605922,28.1108464442077
艾巷-刘家,116.344124025158,28.1086847756633
支村-港头,116.353795601619,28.1071540795264
邱家-花门楼,116.348445411867,28.1033261067807
邱家-邱家,116.341148311264,28.1060646896797
邱家村-过家,116.33863431902,28.1068566085393
邱家-湖下,116.336074352569,28.1044172997517
古港-湖山,116.332094212999,28.1047642837282
古港-北港村,116.328015417902,28.1069314965502
艾巷-桥头黄,116.333000522883,28.1105174149642
艾巷-西艾,116.335545259603,28.1139344810955
艾巷-饶家,116.33451805795,28.1178818542067
唱凯-詹坊许家,116.330073789548,28.1138865251924
唱凯-磨下黄家,116.32765115089,28.1128902296289
唱凯-北山熊家,116.321565021507,28.1189905985847
浒溪-榨上张家,116.292545596263,28.104676734994
浒溪-浒溪万家,116.287915808144,28.1021186357702
顾家-陈泗巷,116.287055786121,28.1000463717392
低洲-王家,116.293925233003,28.0959493299548
低洲-涂家,116.291513363756,28.0904912959053
顾家-刘达,116.285186477681,28.0857404076306
顾家-张家,116.280365132455,28.088289614372
顾家-帅家,116.280570393619,28.0899760601706
顾家村-上顾,116.282846520946,28.094189855862
顾家-下顾,116.280438237905,28.0976249709827
顾家-地顾,116.279947262538,28.099922484373
顾家-付家,116.276344856188,28.1014614752921
鹏坊-詹家,116.271117702148,28.1009055387808
鹏坊-晒头,116.271511263324,28.0981369945578
鹏坊-黄渡,116.273256403781,28.0883691811948
鹏坊-长湖姜家,116.271643726174,28.0909530877879
鹏坊-老居,116.268652789519,28.094206501332
鹏坊-下边,116.267639116965,28.096274053308
鹏坊-新居,116.266183652694,28.0942158423417
鹏坊-东岸,116.263436030059,28.0927595983868
新郭-新郭,116.258882602755,28.1026471765906
老郭-老郭,116.256203000118,28.1050308240475
老郭-徐家,116.259056035794,28.1071558998283
老郭-程家,116.264942260983,28.1063219333332
江园-茶堂山,116.277499445012,28.1078088087773
江园-周染,116.276580480919,28.1145394881694
江园-江园,116.279589364485,28.1125753841834
罗针-洲上邓家,116.29169978553,28.111486621656
石溪-周湖熊,116.311898312673,28.1094737503072
石溪-万家,116.308116266714,28.1080336035508
石溪-吴家,116.303408051526,28.1038086514291
石溪-黄顾桥,116.302728024679,28.1010823917785
官洲-彭家,116.305125466572,28.09672152354
官洲-邓家,116.308130475793,28.0968917329219
官洲-洲沙,116.313390520822,28.0996974660088
上游-下游,116.319487691856,28.0970877724799
上游-上游,116.318049840229,28.0920107916272
上游-下熊,116.319438336731,28.090366695815
官洲-赵坊胡,116.31159318056,28.0901105592686
官洲-新基何,116.308276182083,28.0913792269353
灵山-田阪,116.301510419381,28.0877305897949
灵山-灵山,116.301830892006,28.0853593236837
官洲-姜吴陈,116.313742587757,28.0845048763478
官洲-新姜,116.31691208338,28.0857729996364
上游-肖公渡,116.318332238157,28.0834936922196
上游-西徐,116.31986521819,28.0862498286013
上游-东徐,116.323333931571,28.0855451587201
铁堡-江家,116.324966615239,28.0808213395571
铁堡-周怀,116.328401310409,28.0799531897465
铁堡-新屋,116.333665574535,28.0810200291297
铁堡-陈坊,116.334122011794,28.0855787614381
铁堡-芜湖,116.333996039202,28.0886478754371
观前-石子塘,116.340838996124,28.0943658942053
观前-黄朝户,116.335894642557,28.0943655519493
古港-徐黄,116.329589561875,28.094782144222
古港-上陈,116.324637021051,28.0962030081457
古港-横周,116.329270593925,28.0995391125573
古港-直周,116.329767265507,28.1015200185065
古港-周河陈,116.323478280536,28.102281154049
古港-何刘,116.323608960344,28.1045507597418
唱凯-钟家桥,116.316844392348,28.1093845861573
江山-周山泗,116.310960260917,28.1244041042402
江山-下江,116.314892656634,28.1256112433942
江山-前江,116.31586162315,28.1272824570732
江山-背江,116.315041574806,28.129052312135
江山-晚田,116.315218506108,28.1303499208579
江山-万坊许,116.315555949654,28.133044649955
白水-上陈,116.318506969974,28.1349964982389
江山-东李,116.314713883324,28.1349140262759
江山-山上陈,116.31082705218,28.1311425567719
江山-施坊傅,116.307383468741,28.1250131451356
游鹤-万家,116.30332217773001,28.128149629840998
游鹤-帅家,116.300652234765,28.1292539792364
北保-栎塘,116.295059087416,28.129831426352702
游鹤-前后洋,116.295244225042,28.1256576561375
北保-大房,116.29307464602199,28.122115593649003
北保-小房,116.294031335512,28.1210589397646
游鹤-刘路寺,116.30294815846099,28.122142119767
石溪-河上后周,116.301915704015,28.1149974493268
石溪-河上前周,116.304208589277,28.114255808640298
石溪-刘孟娥村,116.310853922611,28.112189433959603
石溪-张家,116.308019988108,28.109814580455698
低洲-杨家,116.29962681674499,28.0987550494344
低洲-张家,116.296112060455,28.089588699885503
观前-观前胡家,116.346457675005,28.098667116939
唱凯-玔上支家,116.31605888023898,28.1158722837224
腾桥中转站,116.552455642561,27.7858197238988
松岗-寨上,116.546703035321,27.7806647105122
松岗-下凰溪,116.538842558002,27.7781100036403
凰溪-熊家村,116.524908066979,27.7807946891917
凰溪-邹家村,116.519564754964,27.7808209069354
石塘-天井头,116.5102544338,27.773858051622
石塘-石塘,116.504782198747,27.7725924694365
白浒窑-窑上,116.500537215802,27.7833562461274
石塘-药树亭,116.501045727035,27.7862231267259
石塘-姚坊,116.495460308576,27.7793023807859
新杨-板桥,116.495731641556,27.7745712665177
新杨-新杨,116.49212330859,27.7715252573284
新杨-老杨,116.490073799231,27.7688740359379
新杨-院背,116.484238829941,27.7679019059491
新杨-西源,116.475090563759,27.7681005007643
石池-八位坑5组,116.483948246664,27.7523654322523
石池-石池3.7组,116.486585314205,27.7496327954673
石池-石池1.2.8组,116.487461102569,27.7479969417484
石池-石池4组,116.488275539344,27.7470013715178
石池-小家6组,116.496298254147,27.7571026518579
焦坑-坳上,116.504452260047,27.7582428656923
焦坑-大塘,116.505118684449,27.7483454639874
焦坑-庵前,116.512353136118,27.7554116044031
焦坑-邹家皮,116.513887807915,27.7514226206118
焦坑-麻糍窑,116.516102828459,27.7500971188217
陈家-样桥,116.521843947534,27.7500706339548
陈家-周家,116.523988487669,27.751791857414
陈家-山下陈家,116.52657210384,27.7478158084874
墩上陈家,116.530133468899,27.7437303163435
陈家-尧坊,116.531318519303,27.7412845985837
陈家-朝门里,116.532370156943,27.7398450249992
白沙-汪家4,116.525682683648,27.7405406005601
白沙-吴家,116.521402743526,27.7380782905558
集源-福堂,116.511292883055,27.7229628601473
谭下-何树肌,116.498158726846,27.7113479363096
谭下-塅背,116.49794382698,27.7095484399128
谭下-谭下,116.494868673852,27.7009464783203
谭下-东源,116.501897619497,27.7000767625347
集源-李家1,116.5139524683,27.7124214287616
集源-曾家村,116.517872130306,27.7147390374348
白沙-曾家,116.534863918089,27.7343571431506
白沙-界山村,116.536893219017,27.7315752995939
淇塘-管家,116.553445194842,27.734660478303
淇塘-淇塘,116.556098048158,27.7398337830485
淇塘-下刘,116.555229713757,27.7442654665915
淇塘-上刘,116.560834504892,27.7473549795375
凰溪-岳伏,116.54492385163,27.7534813293996
凰溪-何坑,116.531635095458,27.7610536368232
腾桥-腾桥,116.521479566704,27.7624930569751
凰溪-上凰溪,116.531463983784,27.7706233559319
松岗-松岗,116.54139993639,27.7687682201798
谢家-新坊,116.583580496648,27.7576675062155
鹏田-下傅,116.592182766355,27.7575812077138
陈坊-坑田,116.589156176648,27.7453663592016
楠木-乐家,116.605417067251,27.7514547189688
楠木-东坪,116.611850805181,27.7547208799865
楠木-楠木村,116.619524548769,27.7505565091834
符仓-符仓,116.612253608309,27.7329686346838
于家-于家,116.635895919445,27.7205593798626
楠木-廖坊,116.634581307018,27.7435675964863
红官-游源,116.634524514728,27.7663028372501
红官-邹家,116.641915174486,27.7638149649806
红官-李家,116.645307529028,27.7663492917748
红官-占家,116.649644680957,27.7623103525261
红官-官厅,116.654421675605,27.7691960642256
红官-尺上,116.660298926143,27.7688818965499
水西-何家二组,116.655072173541,27.7759538813128
水西-何家一组,116.65380737419,27.7780845293332
水西-地头,116.657088959624,27.7807478778551
水西-连家山,116.650810004157,27.7836767877455
肖家-张家,116.642839063266,27.7823701682632
肖家-付家,116.638256386497,27.7897327775065
肖家-中腰修家,116.63266507268,27.793857399972
肖家-肖家,116.629422950744,27.7954561586955
肖家-曾家,116.627034390549,27.8009290130274
荣阳-危周家,116.621361242608,27.7993910807157
许坊-下排,116.610368642618,27.7993673346324
许坊-上排,116.608893170065,27.8005945582088
许坊-翻坊,116.604595836473,27.801531715597
许坊-合头,116.616336116165,27.7921492176262
里修-姚坊,116.612670534486,27.7841034352509
里修-里修,116.617641320909,27.7765639193305
里修-东山下,116.611987235118,27.7704406441788
鹏田-彭家桥,116.601448989127,27.766236956732
鹏田-鹏田,116.60055046033,27.7621320810094
鹏田-王拓曾家,116.590638678168,27.7724156116961
松岗-下寨,116.545870187875,27.7816244548229
松岗-港背,116.537977874611,27.7877233633382
四游-瑶边4组,116.515811940482,27.7966956462792
四游-祠堂3组,116.516607129718,27.799507200138
四游-文坊2组,116.512796335763,27.8006579246506
四游-黄堂1组,116.508804984596,27.7967470582628
桥下-打铁郑家,116.500843469407,27.8098887018396
桥下-坪上游家,116.491231547991,27.8124760820603
桥下-基桥吴家,116.493012140048,27.8062054971725
石塘-龚家,116.494107495408,27.7972802116887
石塘-全家,116.483386728585,27.7882194377525
新杨-张家,116.475748773114,27.7756281498528
下龚-撮斗科周家,116.465739703006,27.7898368842384
下张-鹞源,116.447134074975,27.7956621286494
下龚-上龚,116.4682005893,27.7928519285501
下龚-中龚,116.470571636737,27.7956315628149
下龚-下龚,116.470563085668,27.8002710121943
下龚-汪家,116.471202141071,27.8075719971393
下龚-文加郄,116.471244874729,27.8116522391621
下龚-东坪王家,116.475111138658,27.8118350768595
东馆-下山梁家,116.47109349553,27.820709611957
桥下-乌墩谢家,116.483045319819,27.8231264036523
桥下-石泉饶家,116.493140828621,27.8238657305452
刘村-石前刘家,116.494443308744,27.832444481425
刘村-石前许家,116.490664534936,27.8368561694248
湖桥-黄水碓,116.512899003693,27.8333178224151
刘村-桃李张家,116.518488559902,27.8443243318361
湖桥-谢湾,116.520072873754,27.8346971827095
湖桥-里王村,116.523636090201,27.8261147026781
湖桥-外王村,116.522847257724,27.8242855128187
湖桥-张家玔,116.526986620229,27.8227445426584
湖桥-曾家村,116.525943072894,27.8282013008679
兰溪-陈家村,116.534663132571,27.8361978358724
兰溪-老周村,116.533623611147,27.8394413689689
兰溪-曾家,116.535349105711,27.8398792189144
兰溪-新周6组,116.537997896595,27.8379707597959
兰溪-黄打石村,116.541044003088,27.8502435936784
大塘-黄水碓,116.551032344426,27.845326012309
大塘-大塘1,116.558124471337,27.836163763793
文家-南塘,116.567150945693,27.8270598690179
高源-高源,116.576128341141,27.8127488846179
文家-谢家村,116.558174571859,27.8212302918228
文家-文家村,116.558052919531,27.8267224345292
文家-邓溪村,116.549485595086,27.824152135765
邓坊-邓坊1,116.538696616968,27.8158707596766
邓坊-邓坊5组,116.536207129114,27.8138648003375
邓坊-邓坊3组,116.534191425804,27.8154943799131
荣坊-泉游组,116.533912711627,27.8111121989002
荣坊-荣坊2组,116.534303243083,27.8033186311613
荣坊-荣坊3组,116.534594794983,27.8013331977052
荣坊-樟坊组,116.531131403796,27.7991810980657
松岗-窠里,116.540934871171,27.7892124764376
松岗-凰岗,116.541296235471,27.7883585644858
黄道-鹏程,116.60282749927,27.837899235696
吴山-上曾,116.609936830192,27.839472642288
吴家-吴梅,116.612696639091,27.8310471417587
吴家-新吴,116.618498938698,27.8336017301296
吴山-吴山,116.61771306587,27.8387971929983
吴山-廖家,116.617185826408,27.8403722633735
吴山-刘家,116.618591720947,27.8416222026873
黎家-高家,116.621721134804,27.8410048936852
黎家-黎家,116.622865659063,27.8423629979118
黎家-下塘,116.622248051726,27.8444208902913
吴山-付昂,116.614428853575,27.8446393097319
黄道-前玔,116.606293625174,27.8456372085927
石街-丰林,116.606069024559,27.8507956622428
石街-白洲塘,116.614203913355,27.8548356234017
石街-塅上,116.607421408106,27.8569657229095
石街-石街,116.607679152343,27.8584879833483
石街-下梗,116.60565462145,27.8595372386629
石街-祥为,116.603986173335,27.858587155551
石街-然为,116.60365053798,27.8600860834771
岭下-何家,116.596613179731,27.8632089984473
岭下-曾家,116.591677791273,27.8675285135775
岭下-何家桥,116.580369520599,27.8719644754133
岭下-饶家,116.580252362405,27.862137484828
岭下-坪上,116.584994439081,27.8637418644897
岭下-岭下,116.591557957402,27.8637191429252
岭下-高家,116.593409962031,27.8612485919818
黄道-彭家坊,116.59661542019,27.8527250961801
黄道-黄道,116.596887721319,27.8466642665776
黄道-里王,116.587852848605,27.8444944103795
黄道-羊宅陈家,116.588783123901,27.8417677149869
黄道-荷塘高家,116.583552449735,27.8418931495093
高源-方坑,116.576708939522,27.8182641190237
高源-大斜,116.580207394288,27.8178274092789
高源-上门楼,116.582008126204,27.823350690559
高源-窠里,116.580687107598,27.8237984904144
大塘-会源,116.561941913099,27.8502066031356
付家-童车口,116.569581205203,27.8693342545556
湖山-山下,116.596430899193,27.8256403234041
湖山-湖山3组,116.598517537196,27.82454123121
湖山-湖山6组,116.598602516741,27.8230427576445
湖山-湖山4组,116.601736462353,27.8212393506437
湖山-湖山5组,116.601299030132,27.8242229654302
湖山-湖山2组,116.603823037925,27.8247509124458
湖山-湖山1组,116.605479945411,27.8244340211984
吴家-老吴,116.61602905986,27.8304721687871
青泥-曾家、港下,116.616302011553,27.820550829923
青泥-燕头王家,116.614250675793,27.8185203419706
青泥-罗汉山,116.617289652878,27.8180589630581
青泥-横街上,116.616776808044,27.8158526694512
荣阳-欠背巷,116.617514011771,27.8136551452616
荣阳-旻房,116.618042942152,27.8125782983623
荣阳-郑家,116.621210314448,27.8128634614667
荣阳-奎房,116.621061133903,27.8110815030222
荣阳-娄下,116.625224689334,27.8064939547718
荣阳-则房村,116.617542180857,27.8081802064034
许坊-范家,116.608735454379,27.8048953536422
高源-彭坊周家,116.583786587379,27.7972435540365
碑背-碑背（1-5组）,116.575284999877,27.7878475521229
谢家-丁家,116.562322492637,27.7612250723318
谢家-瑶谢,116.565480365969,27.7605699864964
谢家-石井,116.575391386902,27.7583261480092
陈坊-神前,116.575597062701,27.7492818885772
陈坊-陈坊,116.576336265184,27.7455453466478
陈坊-西坑,116.578109891826,27.7405501929748
陈坊-丁家,116.579420927591,27.7372206865852
陈坊-汪家,116.574122569846,27.7337440949879
淇塘-黄甲科,116.563238929515,27.7390855135056
新安-东黄,116.464327188282,27.7496397621293
新安-岭脚下徐家,116.462192473337,27.7622850491572
抚北中转站,116.307557523985,28.0114130801111
马家-杨家,116.291771660914,28.0218805216295
马家-廖坑,116.292748076161,28.0271582820352
马家-马家,116.283249044401,28.0207176841563
马家-后岭,116.282274013222,28.023535731502
马家-石路塅,116.280876661841,28.0292740664163
展坪-何塘,116.265318139975,28.0274103756611
展坪-宋家,116.254397489811,28.0382859549607
祝岗-前坊孔家,116.258775518345,28.0418408979273
祝岗-前坊杨家,116.258803265726,28.0452339591203
祝岗-祝岗,116.268196924174,28.0435857001736
占源-古塘,116.275422089008,28.0421040606623
占源-长江上,116.282455691364,28.0520538481892
占源-詹源村,116.282878877562,28.054783591696
占源-裴桥,116.276554232084,28.0550155938144
占源-石牛,116.277272822953,28.059242837535
端溪-端溪,116.270788564743,28.0646949902803
郑坊-上赤山,116.246498820761,28.0773110987581
端溪-罗源周,116.268739304568,28.0772590806721
南塘-八都,116.276909243649,28.0778710817979
端溪-鄢家,116.27669573376,28.0688520181546
占源-朱家,116.279949782204,28.0659600473826
占源-甘家桥,116.282561477099,28.0664681181291
南塘-南塘,116.290277220635,28.0707788569972
南塘-李联,116.299233718038,28.0685554912986
南塘-彭源,116.303969446718,28.0688728737742
石港-石潭,116.31504294259,28.067778173886
石港-桥头,116.322668979436,28.0605586669858
石港-江坊,116.317269287779,28.0584637342766
石港-咀上,116.316849766323,28.0558146161953
石港-石港,116.322540694245,28.0481002883326
山下-徐窑,116.322698444976,28.0402937455244
茶山-大桥,116.310301611584,28.0449106017839
茶山-塘下,116.311162097402,28.0477739909599
茶山-丁坊孔家,116.293536405771,28.0563494826512
茶山-韩家,116.294632004557,28.0428825911653
茶山-大侧坊,116.296876202778,28.0407828712738
茶山-小侧坊,116.303864720739,28.0405373136845
茶山-张科,116.305884115899,28.0350581794945
上源-雷劈石,116.296102014195,27.9900371016841
上源-小溪桥,116.298501176223,27.9865141805507
车田-游家湾,116.296658044067,27.9807017167896
车田-王家背,116.289632150842,27.9767660567627
车田-华家,116.286977440761,27.9777423522702
白浒窑-新开基,116.283746266447,27.9729306418022
白浒窑-牛岗,116.271796538906,27.9781543905509
白浒窑-白浒窑,116.272815759242,27.9668956047431
白浒窑-二甲,116.272619934291,27.9665051804325
白浒窑-一甲,116.275875101281,27.9653022876133
白浒窑-三房,116.278965014735,27.967370281906
梁宪-下窑渡、新基上,116.278632330367,27.9597868358354
梁宪-罗坊万家,116.280813348186,27.9549660748726
梁宪-丁坊万,116.285229607164,27.9542408973722
周家-门楼万,116.288973673342,27.953119834555
周家-庵山万,116.291097742049,27.9503824340555
周家-戈邓,116.293868554025,27.948774078292
周家-凤阳王,116.300115775993,27.947776004116
周家-周上万,116.298761039228,27.9491660781323
周家-上周,116.297234789844,27.950774484305
周家-下周,116.293893043844,27.9530491744996
尧家-万家,116.291107239264,27.9614733044957
尧家-下范,116.300404371462,27.9590626287264
尧家-邓家,116.30332955415,27.9565026257481
尧家-赵家,116.299966835642,27.9627837753478
尧家-尧家,116.30195840268,27.9634792113416
尧家-新尧,116.306193024775,27.9668303291303
王家-王家,116.300715706423,27.9691256129359
上肖-肖家,116.306676363634,27.9766612655684
上肖-夏家,116.311566778619,27.9762852259012
上肖-罗家,116.314744144082,27.9747593017001
西邓-西邓,116.322283842649,27.9713632653967
西邓-上邓,116.325813465735,27.9676120954026
西邓-东邓,116.325106516359,27.9715619519415
西邓-章家,116.324436553704,27.9750420314299
上肖-许家,116.315976315049,27.9790871738974
上肖-吴家,116.311990221799,27.9802487994611
上肖-娄家,116.312940929305,27.9839373175537
上肖-万家,116.311562882639,27.9859801962515
上肖-莫家,116.312577158188,27.9892976836104
金坪-万家巷,116.314399436923,28.0168201961535
金坪-周家,116.325281149616,28.0173574492385
金坪-上黄,116.324555771301,28.0089403616121
金坪-金坪,116.31921389327,28.0050577519488
庄家-庄家,116.320403136795,28.0022518476237
庄家-新村,116.320465833918,27.9994252678436
庄家-汤家,116.313785086822,27.9980682843457
庄家-羊坡石,116.308329501979,27.9935168644385
上源-路口岭,116.287718531447,27.9986926676463
安全-株桥,116.279214912324,27.9932269091424
安全-安全新村,116.271068873086,27.9886057803299
安全-安全,116.268243004022,27.9880433848709
白浒窑-庙前,116.261861714009,27.9816013326449
中余-李榨,116.271422933506,28.0000837510178
中余-燕子窝,116.266701001824,28.000915476867
中余-中余,116.259203060776,28.0007554887104
中余-新中余,116.258587206553,28.0019973797854
中余-廖家,116.256194794175,28.0009210361405
翁坪-范家庄,116.248250427328,28.0005927625694
翁坪-杨家坊,116.252524013706,27.9937252403514
翁坪-下高,116.247872960271,27.993431780566
翁坪-上高,116.244196179456,27.9950419358028
翁坪-翁坪村,116.24181113016,27.9985710638435
翁坪-新张,116.238654653001,28.0021707259248
下余-下余,116.24567031573,28.0105791910517
占坊-谢家,116.250640764351,28.0167613264012
占坊-詹坊,116.247815926953,28.0220193847716
占坊-祝源,116.240252396517,28.020653345643
展坪-尧李,116.251354134526,28.03653527255
占坊-下山新村,116.254226085575,28.0211437279639
马家-张坑,116.267044624834,28.0161483652097
马家-黄泥塘,116.2824393435,28.0144892840646
上源-上源,116.295367061715,28.0042033228363
庄家-厂下,116.31173588932,28.0049062359375
西邓-曾家,116.325338194865,27.9775766650034
西邓-店上,116.328686039986,27.9649469180745
西邓-吴许,116.330358418437,27.9685820688842
山下-山下,116.322848111479,28.0342434872718
龙溪中转站,116.348778498972,27.7322124911028
陈园-汤家,116.349767920612,27.7245014208688
廖坊-廖坊,116.34314037026,27.7100712971039
廖坊-上阳,116.354829197178,27.7007400212425
廖坊-赵家,116.339198346125,27.6930288006615
廖坊-陈张,116.343650274306,27.6812369132102
排上-危家,116.360255416593,27.6927568069422
排上-符家,116.369065017952,27.6927350012601
排上-下湾,116.376756878061,27.6937087766319
排上-排上,116.380688648245,27.6908923275569
排上-汪叶,116.388724750094,27.6925452480288
旨荣-地藏寺,116.402426463793,27.6916893607088
旨荣-下窠刘家,116.411955002261,27.6935062591106
旨荣-周家,116.408608460805,27.6892520614594
旨荣-田西,116.412394923252,27.6756062041239
旨荣-艾家排,116.418334340573,27.6720124259854
旨荣-源里,116.416580944275,27.6692666653655
旨荣-源里西排,116.417563612945,27.6662174301908
娄家-娄家,116.448752546889,27.6662495657904
娄家-塅背,116.4531415903,27.6683193665912
娄家-饶子华,116.454664669061,27.6639654312696
娄家-大阳斜,116.453664456806,27.6619290495934
南际-里南际,116.472786590955,27.6616852452607
南坑-南坑,116.473847418453,27.6614211798079
南际-外南际,116.479242673026,27.6618788562256
大雷-朱家源,116.47652329631,27.6447110146056
大雷-大雷,116.462545564139,27.6416368622498
大雷-安山,116.454067255471,27.6348603346963
小雷-大泉,116.450322080811,27.6314468469524
小雷-下小雷,116.459128996879,27.6259635245485
小雷-上小雷,116.461416469197,27.6241152777838
小雷-坑口,116.456613763441,27.6210986431484
小雷-余坊,116.467068465056,27.6058832198474
山陂-港下,116.470462202233,27.5640627369328
山陂-怡乐,116.46571196059,27.5624153380662
山陂-许家山,116.467168585076,27.5585159682552
山陂-茶坑,116.470405145648,27.5489315727568
山陂-梅树舍,116.479246306231,27.5215605109646
山陂-上山,116.495366133488,27.5306244991789
山陂-旱田,116.492262639176,27.5427388256534
山陂-山陂,116.489411920502,27.55125815348
泽泉-石狮头,116.498340724725,27.5700310326311
泽泉-泽泉,116.502410258347,27.5780929252777
泽泉-下中源,116.49770975321,27.5791210239957
泽泉-桐木,116.497530190721,27.5853852653922
泽泉-小岭,116.517631536505,27.5871177963389
泽泉-黄连坑,116.494784696005,27.5993535966893
庄前-小枥,116.491580291761,27.6231357011107
庄前-刘家源,116.50396424138,27.6272283142542
庄前-庄前,116.510112236098,27.6320012546174
茅排居委会,116.517810694367,27.6296149619341
茅排-茅排,116.518040516547,27.6285139917503
茅排-坪中山,116.516451762401,27.6213127903055
茅排-沙坪,116.527640827058,27.6295210595251
茅排-东坑,116.522793085769,27.6305896466206
茅排-黄家塅,116.515702663888,27.6346439669254
茅排-黄家,116.514455849188,27.6371215545074
茅排-东源排,116.513395786698,27.6415103744149
茅排-里外科,116.515320047866,27.6464352250163
庄前-太平排,116.507225481383,27.6406180672363
庄前-店前,116.505611013867,27.6423981534228
庄前-殿前科,116.505524867367,27.6441312161561
庄前-上兴堡,116.502178722442,27.6471819601499
南坑-际下,116.489931893223,27.6643634588376
南际-棋盘岭,116.500042894759,27.672930612278
谭下-张家,116.496652332752,27.6809484257935
南际-院背,116.492112278816,27.6774029774167
南坑-攸源岭,116.474388180942,27.6781021987248
娄浒-周家,116.466180383278,27.6993014870858
娄浒-新沧泉,116.463013768356,27.69811041344
娄浒-老沧泉,116.458845728389,27.6981324969902
娄浒-墩上,116.462552905148,27.701859914907
娄浒-袁家,116.470955396079,27.7067398477661
娄浒-汪家,116.464262951282,27.7080252723464
荣垦-娄山寺,116.458905467342,27.7139162416885
何岭-神岭,116.452845295738,27.72790750758
新街-余家,116.440296915291,27.7137374539342
新街-干坑,116.444040309171,27.7048558572078
棠下-上街,116.444857148722,27.6923209449856
棠下-下街,116.444900640653,27.6905627397972
莲源-黄家,116.437821210111,27.6827264632473
棠下-黑山,116.4328771848,27.6936466437175
新街-菡头,116.43559230304,27.7029540784976
新街-黎家排,116.432209754313,27.7077017564242
天泉-老洪,116.423012801734,27.7067736913188
天泉-斋堂,116.417984664841,27.7078173222581
天泉-石桥下,116.418412445801,27.7143169999382
新街-新街村,116.431333428497,27.7155331917094
荣山-筒车桥,116.42649749331,27.7231674990999
上陈-行树下,116.422336834174,27.7226676982853
上陈-油山,116.419278522599,27.7299253420389
上陈-上陈,116.414862001299,27.7344898120144
上陈-中陈,116.41267414549,27.7396339940838
上陈-下陈,116.408726313443,27.7460323067367
上陈-何家,116.42459201657,27.7394686432681
何岭-院庄,116.44182967648,27.739568581924
何岭-何岭,116.450409857232,27.7438401676303
新安-张家,116.454745150315,27.7487331702249
新安-王家,116.452301671079,27.7525695261017
付家-傅家2,116.438647493554,27.7613919855504
田南-艾家,116.437934069668,27.7643604114501
田南-龚家,116.427645086595,27.7636449417042
田南-许姚,116.424207872387,27.7678370811007
郑家-江家,116.409125840681,27.7601797370932
郑家-黎家,116.40710804716,27.7602067024635
郑家-揭家,116.405799471945,27.7578094051479
曾陆-张坊,116.386732055464,27.7573351612931
曾陆-陈黎,116.37871830837,27.7537976423763
曾陆-塘下,116.370917882823,27.7465909667636
曾陆-田南,116.377315920686,27.7449880112306
光荣-田西,116.38796350185,27.7387410139626
光荣-门里,116.394142297561,27.7341493221348
新村-新村,116.393284239219,27.7319738298018
光荣-田东,116.390882796747,27.7314643390678
新村-院坑,116.392961802135,27.7153842364285
光荣-下高池,116.377458658369,27.7248442218677
光荣-上高池,116.366386751009,27.7214956717187
陈园-吴家,116.355793508578,27.7235247224123
司尧-墩上,116.328309900425,27.7372876642042
司尧-熊家、湾上,116.32427289039,27.7392893535476
龙溪-余坊,116.311499079467,27.7327632779208
龙溪-皱家,116.307092310677,27.7318592585536
龙溪-樟瑶,116.307339628064,27.7207213787479
龙溪-下街,116.299536853638,27.7169785757921
易家-易家,116.300810865606,27.726924259936
易家-上中邓,116.297099662659,27.7384071684075
易家-鹰咀石,116.301692934872,27.7378371490632
易家-河东,116.302525201405,27.742480143926
竹叶-上姜,116.305748958249,27.7540001380022
竹叶-隔田,116.307364427089,27.7577726111514
梅溪-梅溪,116.310121772943,27.7594545191442
梅溪-楼下,116.306415725515,27.7624018474828
梅溪-堆上,116.306145900283,27.7640294398245
竹叶-竹叶、黄家,116.30319701344,27.759981384972
竹叶-新姜,116.291099286528,27.7512186915092
金坑-丰山,116.270550085515,27.7328319602683
金坑-陈坊坑,116.261120022825,27.7549233795035
栖源-邓家,116.264590616651,27.769598976252
栖源-秋山,116.266677979448,27.7756934343733
栖源-岗上,116.266820899771,27.7772475056772
栖源-荣坊,116.256437368302,27.7916386342276
博溪-鸽陂头,116.279285116066,27.7939477837619
博溪-庄前,116.289857082196,27.7964713812045
山下-程家,116.284075087807,27.7839527393922
山下-外山下,116.281428625456,27.782600618105
山下-里山下,116.280594635619,27.7807457140328
山下-陈家,116.287234500782,27.7781516011977
雷李-潘津,116.29485593326,27.7821899994683
山下-下窑,116.291343521271,27.7752599008546
山下-油榨下,116.295981974324,27.7733921507692
山下-易坊,116.296704409893,27.7706425022125
雷李-雷家,116.299223462369,27.7746124743816
雷李-李家,116.302467309215,27.7752175079755
雷李-万家,116.30753328469,27.7752080750562
雷李-外黄,116.305832812774,27.7798855396676
汤家-大岭,116.324473702208,27.7879305980495
汤家-梅林,116.338544368298,27.7821538783662
汤家-下汤、吴家,116.331948976074,27.7734323094539
汤家-岭上,116.330272359545,27.7703316543382
汤家-桥头,116.342630324187,27.763399142101
汤家-上皱,116.33646379992,27.7574536689764
司尧-王家,116.34982001537,27.7502417214718
司尧-周家,116.346568868298,27.7463812473584
司尧-尧家,116.353065480964,27.7457315377642
司尧-陈司,116.360079212216,27.7398309434179
曾陆-里朱,116.371197040071,27.7500810502101
司尧-吴家,116.358173746256,27.7642180899671
曾陆-娥源,116.371434642265,27.7751294289142
曾陆-曾陆,116.376728424662,27.7670053730537
曾陆-里坊,116.391154465887,27.7687157606829
郑家-黄石,116.40616362161,27.7781095336599
郑家-郑家,116.410673585697,27.7760936290682
田南-曾家,116.440405214546,27.7750751288794
田南-荷岭,116.440461203545,27.7841565413024
田南-田南,116.428253000362,27.7849716266007
田南-叶家,116.422021004281,27.7827118624402
郑家-土桥,116.408886839253,27.7808162690542
塔溪-娄坑,116.395375802831,27.7862998129887
塔溪-彭家,116.37911648359,27.7851775565813
油顿-湛坊,116.364165869492,27.7875950535732
油顿-舒家,116.363188814685,27.7916616786401
油顿-街上,116.359452282732,27.7954477071937
塔溪-周家源,116.376859315162,27.7937530902388
塔溪-对门、郑家,116.388290847666,27.8022336266177
熊尧-翁家,116.402549083855,27.8014711854789
熊尧-严岭,116.405262409203,27.8110666867323
熊尧-吴家,116.408798504045,27.809698082779
熊尧-罗家,116.409302596229,27.8111866477894
熊尧-陶坊,116.407391459435,27.8188910187452
熊尧-新村,116.40182529748,27.8161769408405
熊尧-熊尧,116.397659196101,27.809612612803
熊尧-玉堂店下,116.383850462091,27.8143184766001
斯和-下彭,116.369296064103,27.8232058459612
斯和-封张,116.366464866266,27.8249764718993
斯和-彭家,116.367304599711,27.8264561378272
斯和-封家,116.356193818214,27.8298048906749
邱坊-汪家,116.315708070877,27.8114486158826
金坑-翁坊,116.249315279227,27.7535619280473
金坑-老江,116.252720899654,27.7456734453266
金坑-金坑,116.253849095398,27.7393305510421
金坑-下陈,116.254756793692,27.7274925909668
金坑-雷公桥,116.25725022194,27.7214014329243
金坑-富田,116.261843155854,27.7149957962929
金坑-黄家,116.267787650485,27.7181056788882
金坑-新居,116.269760361298,27.7182580507592
金坑-上陈,116.271478865883,27.7145428888062
龙溪-花家,116.293569350774,27.7103783086095
龙溪-詹家洲,116.302666572664,27.7072532555177
龙溪-万家,116.305238283029,27.704517985261
廖坊-上章,116.332105202886,27.7091157605906
廖坊-下章,116.334828155793,27.7106709788916
湖上、舍头、大园,116.342789833847,27.7206559207567
陈园-陈家,116.343902938777,27.7225145136504
陈园-西塘,116.339022390213,27.7238300427694
司尧-东坑东为,116.339835136119,27.730540925361
司尧-司徒,116.343178674753,27.7337071068225
七里岗中转站,116.433205888998,28.0166429893705
秋塘-胡家、吴家,116.484883429094,28.0593660799172
秋塘-黄家、易家,116.485728088796,28.0602927187582
太阳-新村,116.484051182517,28.0644337336491
太阳-戴家,116.489063470445,28.0636492748259
太阳-老街,116.490105754158,28.064900481561
太阳-邱家,116.488723792221,28.0680630876201
延桥-畲里组,116.489963176261,28.0751811164499
延桥-周家组,116.489325640347,28.0790523034128
延桥-付家,116.491078947412,28.0802379308792
延桥-胡家岭组,116.487430384398,28.085847324114
娄溪-高车山,116.503417941514,28.081312719848
娄溪-桥背,116.507051881071,28.0762499512178
娄溪-门楼黎,116.503183583403,28.0763850230675
娄溪-郭溪艾家,116.503089695329,28.0727000605858
娄溪-徐家,116.503140895246,28.0696141129651
娄溪-枫树下,116.506222887637,28.0682404487729
娄溪-饶家,116.511210064068,28.0679537304918
娄溪-官家,116.51409827444,28.0677140879418
娄溪-山中艾家,116.516710128683,28.0682562429173
娄溪-何上,116.518924199044,28.0628387887633
湖溪-岔背村,116.524979418362,28.061434521642
湖溪-太平桥,116.526062295625,28.0588599453744
湖溪-白家,116.518907029501,28.0561158980725
湖溪-邹家,116.516685416356,28.0600276386367
湖溪-谷家,116.510351711299,28.0614229560056
湖溪-车家,116.50737902446,28.0589366412752
湖溪-车水源,116.504514915388,28.0594727780641
湖溪-黄家,116.506214614291,28.0617305281702
邓家-付家,116.501748698973,28.0632551598801
邓家-黄家,116.49825564757,28.0634762066866
邓家-邓家,116.496203742604,28.0600013921353
秋塘-张家塘,116.483985184338,28.0535958680298
秋塘-尧家,116.482611220222,28.0534013053839
秋塘-李家,116.482049967925,28.0522101636397
秋塘-陈家,116.481783042951,28.0503224034879
鹏溪-刘家,116.442612982764,27.9823514796187
鹏溪-双家,116.444233318124,27.9808833816069
鹏溪-鹏街,116.446233258243,27.9836984089453
鹏溪-新门里,116.44659297831,27.9820106117703
鹏溪-车前,116.446764156275,27.980406328023
鹏溪-上车,116.450938740874,27.9768294879903
山塘-丁家组,116.452142457143,27.9749373580331
山塘-大巷组,116.456456023103,27.9748807951746
山塘-胥家组,116.455863140797,27.9733225420224
山塘-瑶山组,116.457276599243,27.9673666618724
湖田-肖家,116.446941349811,27.9679826764095
湖田-北头,116.445679163739,27.9712870618223
竹溪-喻家,116.43941725394,27.9743996269792
湖田-郑家,116.436494805371,27.9667086921967
湖田-廖家,116.44020334665,27.9683288116702
符仓-肖家,116.443533188339,27.9659857970019
湖田-吁家,116.445833053664,27.9636825684486
流坊-流坊,116.443636795849,27.9594627171852
流坊-上黄,116.447981971394,27.9586724117148
流坊-中黄,116.450120860225,27.9546885656422
流坊-下黄,116.45197110471,27.9534791509702
流坊-乐家,116.453875975145,27.9539540993203
刘坊-谢家,116.452366049185,27.9560100017734
洪塘-白家,116.457549023537,27.9603498725321
洪塘-铺上,116.45757398451,27.9638000836278
黄邓-浩塘,116.460581561804,27.9622624308163
洪塘-车桥,116.460690067137,27.9633234862556
洪塘-山下,116.464706381399,27.9634887836274
洪塘-上游,116.464435053709,27.9605033815395
黄邓-河背,116.461671758787,27.9565502893928
黄邓-上刘,116.460529005816,27.9516742642726
黄邓-湖背,116.461106990016,27.9486471660013
黄邓-邓坊,116.459128985585,27.9469623028124
黄邓-来坊,116.464616300207,27.9451463728467
黄邓-黄远山,116.470811875432,27.9548031926731
黄邓-陈家塘,116.469366172157,27.9565235992067
洪塘-前后巷,116.470869521599,27.9646001551521
洪塘村-王家巷,116.472869059814,27.9656007009615
坪山-前郑,116.477762669843,27.9656591743453
坪山-后郑,116.474642246119,27.9713565706719
洪塘-竹坊,116.469219443494,27.9707415902294
山塘-揭家组,116.462891387039,27.9735882687583
兰坊-吴家,116.463473680837,27.9763349359999
兰坊-余家,116.465150209677,27.9786816647633
兰坊-涂家、李家、吴巷,116.459882304076,27.9861600558406
封溪-封家,116.443884526883,28.0159596705774
湖墓-璞珑,116.45001582858,28.0112997797059
湖墓-黄一组,116.45502754468,28.0145627307567
湖墓-黄二组,116.452396155697,28.0157480067187
湖墓-瑶下组,116.450354407825,28.0182367458568
湖墓-汤家组,116.456270441725,28.0196073453664
湖墓-戴家组,116.45867600386,28.022181789898
湖墓-吴家组,116.462360505821,28.0227005414438
湖墓-湖墓组,116.46199994314,28.0179957374025
湖墓-陈家组,116.46411013467,28.0176998123467
湖墓-李家组,116.466938253826,28.0172849768624
湖墓-坪上组,116.467418155347,28.0202681976925
山口-刘家组,116.472898374543,28.0179335531964
山口-曹家,116.474634775582,28.0167093960735
山口-溪南组,116.478415066355,28.0152854042107
山口-周家组,116.478689445026,28.0194835518429
山口-李家组,116.480409647963,28.021913375389
水口-吴家,116.483055288774,28.0233636488448
水口-水口组,116.487565146296,28.0192089504052
水口-戴家,116.492561351568,28.0234618824464
菩峰-毛源车家组,116.501237949645,28.0077049656154
梅岗-蔡李,116.489788639296,28.0027288199386
梅岗-上李,116.493934777596,27.9983597700638
梅岗-杜韩组,116.496819019442,27.9959684337877
梅岗-北岸组,116.495408819885,27.9931571192243
梅岗-西岸,116.490152537702,27.9911393429918
梅岗-东岸,116.491999978023,27.9885757219768
梅岗-南岸,116.492574465255,27.9837912695472
坪山-艾家,116.499167818411,27.9736718077439
坪山-赤谷,116.492780145266,27.968237775807
坪山-乐家,116.489437070292,27.9638234337478
坪山-范家,116.485207337519,27.9607973293309
坪山-叶家组,116.482359341565,27.9621592274951
坪山-车边,116.480944779231,27.9646906097228
坪山-坪山村,116.486049415462,27.9690426223722
坪山-何岭,116.479719413756,27.9750639650342
兰坊-前后车,116.464887223867,27.987191896842
杨源-下堡,116.472567114599,27.9935177171915
杨源-谢家,116.470873813398,27.9987485122175
杨源-杨家,116.471225414238,28.0051818872821
杨源-后岗组,116.47195273139,28.0077995226975
杨源-唐家,116.468530765433,28.0112351613827
杨源-石溪组,116.462854717181,28.0102929844677
杨源-三岗口,116.463040846746,28.004003228247
兰坊-余坊,116.459282913101,27.9964252038028
兰坊-桥背,116.451453144485,27.9925057734967
鹏溪-沙巷,116.446735916608,27.9872297681799
鹏溪-丁家,116.440672029995,27.9901179126117
鹏溪-下荣,116.4394442478,27.9925938882976
春光-土皮,116.437569566164,27.9955174922034
戴东-竹堑组,116.441200853662,27.9969774821822
戴东-洪门组,116.446382471157,27.9961321523857
戴东-源里组,116.444906509751,27.999585440227
戴东-黄瑶组,116.439352566225,27.999805120174
戴东-戴东,116.437633326614,28.0018350169512
万新-万坊组,116.437546683348,28.0293853984773
万新-酉塘组,116.436356318602,28.0345862448035
万新-排楼组,116.431588532443,28.0406654560142
水溪-水溪一-五组,116.442284820277,28.046589698772
上塘-中塘组,116.438144979639,28.0545601515515
上塘-油榨组,116.441442209665,28.0548987579403
涌桥-下涌桥组,116.4501122781,28.0554608409975
涌桥-上涌桥组,116.455492261809,28.056930293711
涌桥-孙家组,116.461416847037,28.0651190331953
水口-余家组,116.492436566892,28.0306560897505
水口-小杜组,116.496223259208,28.0255077398834
菩峰-箭楼组,116.505872690634,28.0234339768035
菩峰-车家组,116.505074077445,28.0205137639607
菩峰-下黄,116.503889285691,28.0191207692955
菩峰-尧家组,116.505151392018,28.0178729618333
菩峰-上黄,116.502309921706,28.0170100869683
新殿-一-四组,116.472165895631,28.032686976427
流源-西华组,116.455670630141,28.0397718389591
流源-光华组,116.456066105548,28.0432996477979
流源-上华组,116.454048913465,28.0442105064227
流源-东华组,116.453310179533,28.0478452563265
流源-联华组,116.451946483371,28.0424838583786
东岗一-四组,116.448464175158,28.0356009967883
封溪-万家,116.442250619891,28.0234306825285
封溪-上戴一二,116.443781875167,28.0219745589157
封溪-下戴,116.443892388141,28.0191129529455
新中-新中一-四组,116.467127485672,28.0730983084424
涌桥-季家源,116.460076557009,28.0695436344017
涌桥-喻家源,116.449490282272,28.0652981373732
上塘-上塘组,116.432089559409,28.0511947558393
沿岗村-高源,116.420929856917,28.0375166380323
沿岗-孟加合,116.410595824082,28.0407855120974
车家-山下组,116.405694393294,28.036381397341
车家-上艾组,116.407287055639,28.0313156684856
车家-车家村,116.402952945887,28.0322760972003
车家-下艾组,116.39894179305,28.0360522634822
庙东-庙东村,116.390675108377,28.0296791968701
庙东-庙西村,116.388708119708,28.0292159011946
庙东-徐家村,116.39247433712,28.0273824844172
庙东-港下村,116.391385008093,28.0257116513818
沙湖-澄湖组,116.392361663886,28.0224571322885
沙湖-坪上组,116.396813137214,28.0228358916796
沙湖=山溪组,116.399230350857,28.0257712569589
沙湖-周家组,116.401289372477,28.0238609867474
沙湖-郑家组,116.400863715801,28.0208759739095
沙湖-胥家组,116.395794759087,28.0187971463638
沙湖-铺口组,116.393351460013,28.0166261310757
沙湖-李家组,116.392026682536,28.0146024002825
孔桥-路溪,116.392314968853,28.0078957834807
孔桥-杨巷,116.395669253477,28.008340344057
孔桥-孔庄,116.396502627156,28.0107491937827
加溪-下坪,116.404507869209,28.0085205813237
加溪-加溪村,116.406124781067,28.0124764868437
加溪-瑶溪,116.414014134817,28.008836233062
加溪-茶溪,116.409824685997,28.0159561500608
加溪-宋戴,116.412765616982,28.0181870085445
港东-载家边组,116.410377367781,28.0219816959168
港东-李家组,116.413631500024,28.0227931651594
港东-蔡艾组,116.417560115429,28.0234845197011
港东-万家组,116.422644532725,28.022974125203
港东-车家源组,116.425109879723,28.023033305863
湖北-上黄,116.417280167584,28.0019414566775
湖北-中黄,116.41497946149,28.0014029263693
湖北-桥头,116.413647251213,27.9989307225665
湖北-下黄,116.411756219478,27.9994865454639
湖北-蔡家,116.410091717939,27.9983047111034
湖北-刘家,116.408223798373,27.9975232434306
湖北-周家,116.407955511596,27.9959036518161
店下-店下村,116.407031001204,27.9884763845061
瑶湖-万家组,116.401153978467,27.9867292182961
瑶湖-下杨,116.398624008552,27.9836528635112
瑶湖-上杨,116.401858960831,27.9827146041441
店下-高堑,116.413255737476,27.98248461217
竹溪-港湾组,116.417120932392,27.9764449260972
竹溪-黄博,116.422684117675,27.9771329371095
竹溪-全家,116.423816747726,27.9799460460103
竹溪-周陈,116.428357951863,27.9758285139461
湖田-詹家,116.432573443199,27.9677369683418
湖田-油草湖,116.432653061767,27.9719440506325
鹏溪-上荣,116.436132063939,27.9830646663417
鹏溪-黄家,116.43715792175,27.9869028048227
春光-傅家,116.431262572572,27.9847441873384
竹溪-周坊,116.430830186999,27.9824584252014
春光-赵家,116.427787584312,27.9835476074668
春光-吴格,116.427837531694,27.9861575029183
店下-排柱村,116.417881233315,27.9873735315158
湖北-里杨,116.415323669582,27.9920400568485
春光-湖南巷,116.4223431238,27.9946681799912
春光-洪埠,116.431308329904,27.9910636241061
春光-埂下,116.432871120944,27.9932340672258
春光-湖东,116.431513702616,27.9957025066972
春光-滴水,116.436330231667,27.9980032056718
戴东-江下组,116.434820307539,28.0033165276653
孔桥-何桥,116.396592412089,28.0030020939302
孔桥-孙家,116.394445819149,28.0044821656422
孔桥-永红,116.39145975968,28.0070277634386
孔桥-陈家,116.392578868021,28.0042902199322
孔桥-车何,116.394302572655,28.0008573466715
瑶湖-陈家组,116.39353272738,27.995922538947
瑶湖-杨家边,116.393446759391,27.9924729033706
瑶湖-瑶湖渡,116.396940008931,27.9885952554982
瑶湖-王家组,116.395865639055,27.9948671700474
孔桥-熊家,116.401204002207,28.0009742034198
桐源中转站,116.201939290861,28.1096529778619
下门-庙背,116.166412813118,28.1654963094882
下门-路下,116.166411161787,28.1690145915007
下门-龙塘,116.168298601656,28.1737985397841
下门-安坊,116.172315241371,28.1714948931685
毛坊-武家,116.1773467367,28.184082405906
毛坊-西岸,116.17771456105,28.1883633547957
毛坊-柘下,116.173093122217,28.1902931140657
毛坊-万溪,116.167892929958,28.1859245167665
毛坊-金坑,116.162231316829,28.1885845326544
毛坊-毛坊,116.166545478813,28.1931517225731
毛坊-刘家,116.164597737785,28.198418425184
溪头-蔡家洲,116.162616254608,28.2112945751738
溪头-石田,116.155823407293,28.2094238144565
溪头-小田,116.153421111156,28.2042534551145
院前-周家山,116.14202712179,28.2055486157889
院前-院前,116.14307725654,28.2086594692854
溪头-溪头,116.149049416995,28.2179563435859
溪头-北头,116.148871977123,28.2239013603523
溪头-团溪,116.144340992238,28.2250023747093
青塘-颜溪,116.14022896235,28.2271619182547
青塘-大皂,116.134889027223,28.2290499419254
青塘-何家,116.132963556026,28.2234367914326
青塘-青塘,116.131149205048,28.2264583897415
青塘-蒋坊,116.12243009481,28.2326072913882
青塘-仓背,116.120707789127,28.2308266757876
青塘-郑坑,116.113264504965,28.2226068801831
青塘-上麻畲,116.131667037873,28.2179813739966
青塘-下麻畲,116.134198404467,28.2176533863846
院前-石巷,116.136373587851,28.2133999284635
院前-高坊,116.133465652998,28.2106989593972
院前-章坊,116.129875353191,28.2097842601044
坪上-上高,116.122411707911,28.2065850534752
坪上-严坊,116.129331706268,28.2004119497218
坪上-坪上,116.129200435758,28.1971939909859
坪上-苦坑,116.122102005608,28.1961015818616
高家-高家,116.119953560098,28.1977013717991
高家-金源,116.116866223165,28.2031163973472
高家-寒皂,116.11026986646,28.2052204108337
高家-范家,116.108547666628,28.1984722577793
高家-涂墩,116.113471574757,28.1910776269001
高家-蒋李,116.109033554924,28.1895825049911
株山-阳坑,116.108367715412,28.1880678281005
株山-肖坊,116.10599420151,28.182419848754
株山-刘家,116.10604733484,28.1807646375119
株山-万家,116.113765576952,28.1776299738174
株山-桂家,116.115404291871,28.1788244432867
株山-邱家,116.116432004229,28.1732246779747
株山-余家,116.108535605597,28.1721973692472
株山-舍头,116.108793377764,28.1704008837504
城坊-荞麦坑,116.115889513637,28.1637053254654
乌岚-白果,116.12552295293,28.1557839131427
乌岚-姚源,116.130309806215,28.1565341160242
乌岚-杨家,116.13283020573,28.1575055866256
乌岚-刘家,116.135991221536,28.1585088816013
城坊-城坊,116.124574380573,28.1674027037405
城坊-程家溪,116.129938190682,28.1704401485136
株山-泥岗,116.125449111995,28.17559697954
株山-李坑,116.121814885509,28.1818726246344
坪上-大坑,116.128317675539,28.1888748603821
院前-付家,116.140391779502,28.193195863267
魏坊-魏坊,116.137030469557,28.1774909573706
魏坊-孙家、刘家、何家,116.137698075763,28.1776781536198
魏坊-官溪,116.140619513812,28.1768373143474
吴头-杨门,116.14453514,28.17915613
魏坊-莲塘,116.145577025799,28.1766197880873
魏坊-严家,116.147543786875,28.1789018704968
魏坊-祖坪,116.149852917742,28.1782168951119
吴头-上门,116.152987381603,28.1819271680454
吴头-下门,116.155212983956,28.1817246369719
吴头-孙家,116.153510801927,28.1772609571035
吴头-桐山,116.15075106911,28.1757890067906
吴头-李家,116.147736470987,28.1720099330832
吴头-周家,116.147031289965,28.1708452254121
下门-塘坊,116.157922269898,28.1686213483534
上门-陶家,116.158697974649,28.1606637580746
新塘-郑家源,116.196013692505,28.1148321246819
乔山-鱼头山,116.193836205466,28.1214576730925
乔山-坪上,116.190388025681,28.122199872936
乔山-璜坊,116.190817583398,28.1256364760053
乔山-乔山,116.192634403665,28.1321417930243
乔山-坳上,116.194948789953,28.1350610965098
乔山-厚源,116.182607248515,28.1317448132692
西田-牌楼里,116.161364823261,28.1237134326615
西田-蛇咀上,116.159051631314,28.1205679326378
西田-坑里,116.156888326727,28.1212984920299
上门-庵下,116.159406381598,28.1364930524078
大岗-上屋,116.16611091,28.14141209
上门-上港元,116.164453719278,28.1481866642489
上门-唐家,116.158599151827,28.1512997652113
上门-余家,116.157593863198,28.1499489606767
乌岚-城上,116.134193855748,28.1499543967484
株山-南肖,116.09136197,28.17409382
上门-南头,116.161851002751,28.1568042453686
上门-上门,116.16747139258,28.1559813122123
下门-白富,116.169933239705,28.165622779052
下门-付家山,116.17590695497,28.1661729062476
白窝-塔上,116.181887531869,28.1674121814573
白窝-白窝,116.184708556256,28.1663889693093
白窝-燕窝,116.183977554191,28.1642811777155
白窝-塘门,116.190784658866,28.1642662778533
白窝-陈山,116.189145642382,28.1669992311297
白窝-夏家,116.184878448855,28.1739904966161
白窝-伏坑,116.180744681812,28.1763360864859
和丰-后周,116.189132896075,28.1789636775221
和丰-土库,116.190544040381,28.1772560160833
和丰-门楼里,116.192548359454,28.1791786396731
和丰-竹园,116.194897392796,28.1784743500561
和丰-池门,116.198625822996,28.1768366690117
和丰-罗家,116.19905749293,28.1710028011842
和丰-下桂,116.202978917473,28.1765327286671
和丰-上桂,116.205004178999,28.1757799097537
和丰-周家,116.209484106356,28.1742734781529
和丰-黄家,116.211981648556,28.1718188125814
和丰-胡家,116.212047024504,28.1689239040605
庙前-桥上,116.212909523896,28.1652059405761
庙前-新屋,116.215341961414,28.1630606162541
庙前-小胡,116.218268261244,28.1604431903379
庙前-庙前,116.21977446478,28.1583141140829
庙前-王家,116.222526611806,28.1557275780015
庙前-管家,116.219606262224,28.1540024786377
庙前-徐家,116.221393780991,28.1497551731087
山胡-下胡,116.214706088112,28.1515288374687
山胡-上胡,116.215844563005,28.1531818510965
山胡-梁家,116.211009926516,28.157644837765
庙前-曾黄,116.20880074,28.16186438
山胡-下辛,116.207035581057,28.1596314806229
大岗-下晗,116.197103124222,28.1585730137535
大岗-上晗,116.195489343525,28.1554813247436
大岗-上松坑,116.189930074392,28.1547666814692
大岗-下松坑,116.190488475515,28.1568188343524
大岗-大岗村,116.185489788807,28.1576951213589
大岗-林家,116.181962958789,28.1528275002007
大岗-蜀源,116.185882970219,28.151692906269
大岗-郭家,116.18761035145,28.1475229201558
大岗-河溪,116.190565043698,28.1445601078851
大岗-北坑,116.196597009799,28.1467410963163
乔山--上辛,116.203482207454,28.1357034195162
山胡-塔坑,116.210583475732,28.1422529819531
山胡-浮石,116.214716241349,28.1414084576605
池溪-张家,116.219114411232,28.1274923121924
大科-老荣,116.193031511784,28.0979808771295
大田-李店,116.187706668642,28.0950050689807
大田-库岭,116.186813633297,28.0960608554294
大田-南源,116.183892502557,28.0929430497606
大田-田中,116.183918123331,28.0974775474748
大田-大科,116.187151450138,28.1009214163508
大田-西坑,116.181531640872,28.1016660479695
大田-上甘,116.177635081378,28.099211818342
西田-瑶坊,116.16837853051,28.1078253009661
岭西-上岭西,116.15827098083,28.0959251726832
岭西-下岭西,116.159639325358,28.093075584655
岭西-后泽,116.164463072687,28.0937204063322
岭西-淘村,116.169411023385,28.0843067758856
圳口-恩坊,116.154224601575,28.0735048035093
圳口-刘家山,116.15550265546,28.0629887449309
黄源-才溪,116.147265920966,28.0548059782906
黄源-石咀上,116.157462006517,28.0489740849276
圳口-杨塘,116.157557062829,28.0585191417984
圳口-新开基,116.161220639367,28.0593953405538
圳口-前吴,116.169159465402,28.0649531656195
圳口-王家、福源,116.171543619025,28.0653892917392
圳口-后吴,116.170189555283,28.0633402588242
圳口-易前,116.165873683458,28.0569461029747
黄源-佳源,116.168363801798,28.0515473327709
东坊-东坊,116.175927994679,28.0477951922647
东坊-邱巷,116.185870829773,28.0483539618098
东坊-墈头,116.191754065086,28.0449230287707
东坊-枧下,116.184512434219,28.0554568750155
桐源-念路,116.187162291402,28.0613244302954
圳口-上桐源,116.18367956282,28.0729011447558
桐源-桐源,116.189841415362,28.0745554316185
水源-路下,116.196557850272,28.0624101602385
水源-吴坊,116.198733638638,28.0580529524333
水源-水源,116.201599790326,28.0542901744316
水源-岭下,116.211249260871,28.0537227567061
水源-下张村,116.2096158332,28.0661679558371
桐源-黄溪,116.205808217846,28.0727213240693
郑坊-新高洲,116.221919737083,28.0688528811653
郑坊-长城,116.224436131327,28.074033753904
党溪-党溪,116.224596687027,28.0848088154315
池溪-南田,116.220441294795,28.0964323013694
大田-新荣,116.203438634533,28.0955605815498
新塘-新塘,116.206952996903,28.098949195146
新塘-翁坊,116.204954204768,28.10589146127
新塘-里高,116.203382840434,28.1092116293946
新塘-外高,116.208455248197,28.1078338017823
池溪-池溪,116.220535603677,28.1103654123526
池溪-许渡,116.224681458585,28.1147599522553
塘东-高洲,116.235336768372,28.1098538320758
塘东-徐家,116.235314813558,28.1083109171499
塘东-运上,116.238396663196,28.1059072392505
塘东-塘西,116.236872792075,28.0995498746597
塘东-艾家,116.235861919109,28.0941825774713
塘东-塘东,116.241707400168,28.0975406602723
塘东-何家岭,116.248425117341,28.090787370946
塘东-王泥塘,116.245207535757,28.0901063500492
塘东-邹家,116.245247693223,28.0875175035291
郑坊-汪家村,116.237715548735,28.0851107854298
郑坊-周家村,116.233728066827,28.0806554685523
郑坊-桐石坑,116.234546579686,28.0739100475221
郑坊-下赤山,116.242096991416,28.0802576269934
青坑-青坑,116.259116797337,28.0786607699766
郑坊-外源,116.253037794763,28.0595081141563
郑坊-里源,116.250398884269,28.0582445539351
展坪-大埠,116.229541222377,28.0476400166148
展坪-徐坊,116.218656094482,28.0452812223436
岭西-付源,116.146358844776,28.1017823400057
岭西-罗马下,116.151107554712,28.1048429776962
西田-杨家边,116.159052089195,28.1151456392068
高坪中转站,116.172686348662,27.9743558529042
戴家-上戴,116.142865186723,27.944859794321
戴家-下戴,116.141352389826,27.9421269505223
戴家-程家坡,116.132789953657,27.9392367052354
城头-孙家英,116.132643135153,27.946727452509
城头-浔江,116.132794260954,27.9493227732732
城头-南边,116.12345166061,27.9447995301073
城头-城头,116.122237148059,27.9520345069195
城头-坛溪,116.11255748319,27.9468025514699
新坪-新坪,116.111162136141,27.9416767145638
新坪-袁家村,116.103578048094,27.941016864796
新坪-曾家,116.100828320341,27.9319566338952
渣溪-徐溪,116.110458399406,27.9221091359372
爪石-爪石,116.12110285372,27.9083114704594
林田-甘家,116.116700465895,27.8897574772076
东源-下袁,116.119014504299,27.8860450891102
东源-竹基,116.113305216102,27.8784181819378
东源-东源,116.122663709847,27.8825817523721
东源-南源,116.128902136967,27.8763806501804
林田-王邓,116.138718902563,27.8916344218967
林田-罗家,116.131582596073,27.8922632902481
爪石-犁王,116.125934501591,27.9153281588811
渣溪-渣溪,116.123678107726,27.9231714315158
渣溪-贾井,116.137374122276,27.9275519760179
栎江-栎江,116.156019799922,27.9235161440594
古坪-大坂洋,116.150324920919,27.92970586017
古坪-邹家程家,116.15230243163,27.9362484354886
古坪-甘家,116.154972020192,27.9372929809159
贺坊-贺坊,116.180185029677,27.9624301738112
梧溪-窑上,116.171511967255,27.9654475726819
梧溪-乌龟老,116.170790984068,27.9693987075572
三桥-南坑,116.161407780822,27.9733198154866
梧溪-口头,116.163187472117,27.9682653549872
荷垅-杨家,116.157392711819,27.9644595059175
荷垅-马家,116.162000244773,27.9601849709477
荷垅-方家,116.166860704177,27.957132317468
荷垅-新村,116.166323192257,27.9559474906703
荷垅-旧居,116.165855270743,27.9544685600821
下周-下周,116.168987391696,27.9433082133783
老基-老基,116.161157592598,27.9429855160139
老基-新基,116.16052476687,27.9408019535315
老基-东岗,116.152379937574,27.9463495599579
老基-饶家,116.153883933644,27.9478933768149
老赵-坪上,116.14071706821,27.9585480338703
老赵-老赵,116.140446224048,27.9655291777973
老赵-伍家,116.134436220314,27.9586232386459
城头四、五组,116.12333962263,27.9533862533443
新坪-边珠源,116.083226250279,27.9442459331648
饶山-源坡口,116.110792017172,27.9573825418987
饶山-周滨,116.111236171811,27.9622424971438
饶山-饶山,116.109743477264,27.9701327606052
饶山-周家,116.109897345357,27.9804828209343
洽源-洽源,116.126403592953,27.9845015233942
新赵-秋源,116.138855187722,27.9846972152239
新赵-新赵,116.145784438085,27.9859405216709
三桥-罗坊,116.164974343988,27.98199314831
三桥-桥西,116.167321634157,27.9790843558609
三桥-桥东,116.167448519252,27.9768143976316
三桥-新屋下、邓街,116.170287638066,27.9765187500627
塘南-老三桥,116.171739809938,27.9792277461402
塘南-塘南,116.176823058088,27.9787359834292
阳城-七坑,116.171331334749,27.9871663088567
阳城-阳城,116.169475708797,27.9952175160331
江源-渣树林,116.161290279393,28.00338000454
江源-下曾,116.152188211751,28.0073585414737
江源-上曾,116.146553393295,28.007363590299
新赵-厂里,116.144649031053,27.9961926492968
塘头-塘头,116.133981293331,28.0020363111356
塘头-上王,116.128756937913,28.002313819024
塘头-饶山下,116.125614086712,28.0043091675397
黄源-焦坑,116.134790871204,28.0310966140388
黄源-杨梅,116.140280527533,28.0456834650237
黄源-杜溪,116.142480622976,28.0470101261
黄源-里泽,116.15004824321,28.0460316628237
黄源-黄源,116.15438488057,28.0394385082835
黄源-东房,116.155790509297,28.0352299740311
黄源-外毛坑,116.147373578292,28.0235329015155
黄源-坳上,116.152042245237,28.0166571324043
江源-王狮坑,116.160245371836,28.0128554357096
金龙-炉坊,116.1703163982,28.0137613734296
金龙-北坑,116.184539861755,28.0118101849384
金龙-西源,116.187688327703,28.0137358175726
金龙-珀玗,116.179309283478,28.0180297822792
金龙-东坑,116.173648066084,28.0236398835363
黄源-里毛坑,116.163555173062,28.0263971230602
东坊-田西坑,116.170884377722,28.0374697285448
东坊-铁前村,116.179889370783,28.0419220128262
东坊-王家庄,116.179208163279,28.0331812192733
东坊-缺坊,116.186098620543,28.0316011249887
东坊-源头,116.202645358087,28.0340856616485
温泉-李家,116.215256555471,28.0289326478206
青莲山-明水,116.204724702276,28.0130428999724
温泉-余山,116.216110538308,28.013207336637
青莲山-山下,116.223927296992,28.0053273934583
青莲山-罗家岭,116.221208746594,27.9983202864707
青莲山-范源,116.215259630819,27.9923334754008
杨源-桐山坪,116.207396789026,27.9857716982518
杨源-塅溪,116.20703928573,27.9836238836083
桐山-桐山,116.197012973705,27.9860863930466
桐山-塘家岭,116.19297897327,27.9897073747796
塘南-合和,116.188436204948,27.985294483912
塘南-三山,116.188885448537,27.9803780992882
贺坊-东坑,116.18459919611,27.9687406783953
城坡-城坡,116.20104698802,27.9662335954969
流溪-流溪,116.209573026496,27.9669214249192
杨源-杨源,116.21644004694,27.971374716246
杨源-塔石,116.208636714668,27.9787148756475
六岭-灌塘,116.227312734849,27.9791326262956
六岭-杨家桥,116.231379937899,27.9892371921135
温泉-张家,116.224095937611,28.0241172404877
温泉-南西,116.227855827213,28.0161651403948
六岭-六岭,116.237888599107,27.9899631330301
六岭-五虎晏,116.240054290269,27.986126661454
余坊-邱家,116.238418713492,27.9750047751424
余坊-城上,116.239494473939,27.9713287633228
余坊-余坊,116.234086580784,27.9692252915435
祝坊-余里红,116.236356139071,27.9603092978044
祝坊-刘坊,116.244079865411,27.9603402560458
祝坊-小坑,116.238896321233,27.9564958568838
祝坊-祝坊,116.235802420763,27.9491938054432
官田-甘坊,116.225332742547,27.9401456269377
祝坊-大岭,116.226079248349,27.9458575109787
古溪-古溪新村,116.22312530105,27.9531705506616
杨源-谭坊,116.224513724247,27.9607313830343
古溪-古溪,116.221258070938,27.9544406112889
古溪-温源,116.213709133277,27.9522170402379
水边-汪坑,116.214397611659,27.9458011373158
水边-南源,116.205607121756,27.937618061345
水边-下湾,116.195653987023,27.9456037698728
水边-上保,116.197319710797,27.9475377092626
贺坊-杨家边,116.190724731793,27.9542613116921
贺坊-邱家窑,116.190116642619,27.9475413099681
下周-下青,116.173830708154,27.940204617591
高坪-横街,116.166797887536,27.9296897834341
栎江-新基上,116.168970438776,27.9148286223658
樟溪-新基,116.176524546779,27.9289738797902
樟溪-下族,116.175368304917,27.9303347039221
